Route,apr_19,apr_19,apr_19,apr_19,apr_19,apr_19,apr_19,may_19,may_19,may_19,may_19,may_19,may_19,may_19,jun_19,jun_19,jun_19,jun_19,jun_19,jun_19,jun_19,jul_19,jul_19,jul_19,jul_19,jul_19,jul_19,jul_19,aug_19,aug_19,aug_19,aug_19,aug_19,aug_19,aug_19,sep_19,sep_19,sep_19,sep_19,sep_19,sep_19,sep_19,oct_19,oct_19,oct_19,oct_19,oct_19,oct_19,oct_19,nov_19,nov_19,nov_19,nov_19,nov_19,nov_19,nov_19,dec_19,dec_19,dec_19,dec_19,dec_19,dec_19,dec_19,jan_20,jan_20,jan_20,jan_20,jan_20,jan_20,jan_20,feb_20,feb_20,feb_20,feb_20,feb_20,feb_20,feb_20,mar_20,mar_20,mar_20,mar_20,mar_20,mar_20,mar_20
Route,n_obs,n_ontime,pct_ontime,n_early,pct_early,n_late,pct_late,n_obs,n_ontime,pct_ontime,n_early,pct_early,n_late,pct_late,n_obs,n_ontime,pct_ontime,n_early,pct_early,n_late,pct_late,n_obs,n_ontime,pct_ontime,n_early,pct_early,n_late,pct_late,n_obs,n_ontime,pct_ontime,n_early,pct_early,n_late,pct_late,n_obs,n_ontime,pct_ontime,n_early,pct_early,n_late,pct_late,n_obs,n_ontime,pct_ontime,n_early,pct_early,n_late,pct_late,n_obs,n_ontime,pct_ontime,n_early,pct_early,n_late,pct_late,n_obs,n_ontime,pct_ontime,n_early,pct_early,n_late,pct_late,n_obs,n_ontime,pct_ontime,n_early,pct_early,n_late,pct_late,n_obs,n_ontime,pct_ontime,n_early,pct_early,n_late,pct_late,n_obs,n_ontime,pct_ontime,n_early,pct_early,n_late,pct_late
6,7524,6978,0.927432217,73,0.009702286,473,0.062865497,9173,8511,0.92783168,82,0.008939278,580,0.063229042,7628,7263,0.952149974,42,0.00550603,323,0.042343996,7140,6820,0.955182073,44,0.006162465,276,0.038655462,9085,8650,0.952118877,61,0.006714364,374,0.041166758,7388,6931,0.938142934,56,0.007579859,401,0.054277206,7168,6635,0.925641741,80,0.011160714,453,0.063197545,8809,8243,0.935747531,97,0.011011466,469,0.053241004,7264,6797,0.935710352,51,0.007020925,416,0.057268722,7015,6648,0.947683535,54,0.00769779,313,0.044618674,7187,6808,0.947265897,32,0.004452484,347,0.04828162,8838,8394,0.94976239,91,0.010296447,353,0.039941163
9,13571,9451,0.696411466,857,0.063149363,3263,0.240439172,16212,10768,0.664199358,1116,0.068837898,4328,0.266962744,13516,9608,0.710861202,1148,0.084936372,2760,0.204202427,12812,8907,0.695207618,1375,0.107321261,2530,0.197471121,16532,11469,0.693745463,1705,0.103133317,3358,0.203121219,13099,8883,0.67814337,1138,0.086876861,3078,0.234979769,13023,8751,0.671964985,1315,0.100975198,2957,0.227059817,15341,10450,0.681181149,1873,0.122091128,3018,0.196727723,13151,9050,0.688160596,1914,0.145540263,2187,0.166299141,12289,8950,0.728293596,2021,0.164456018,1318,0.107250387,13283,9741,0.733343371,2048,0.154182037,1494,0.112474592,15101,10888,0.721011854,2916,0.193099795,1297,0.085888352
27,16724,12374,0.739894762,1126,0.06732839,3224,0.192776848,20586,14560,0.70727679,1421,0.069027494,4605,0.223695716,17023,12563,0.738001527,1291,0.075838571,3169,0.186159901,16217,11682,0.720355183,1426,0.087932417,3109,0.191712401,21020,15547,0.739628925,1912,0.09096099,3561,0.169410086,16595,12243,0.737752335,1056,0.063633625,3296,0.19861404,16698,11655,0.697987783,1344,0.080488681,3699,0.221523536,19217,13471,0.700993912,1678,0.08731852,4068,0.211687568,16549,11479,0.693637078,1476,0.089189679,3594,0.217173243,15229,11503,0.755335216,1676,0.110053188,2050,0.134611596,16884,12855,0.761371713,1706,0.101042407,2323,0.13758588,19033,13941,0.732464667,3092,0.162454684,2000,0.105080649
33,34444,28120,0.816397631,2523,0.073249332,3801,0.110353037,42374,34035,0.803204795,3180,0.075046019,5159,0.121749186,34877,28348,0.812799266,2706,0.077586948,3823,0.109613786,32706,26721,0.817006054,2666,0.081514095,3319,0.101479851,42169,33462,0.793521307,3474,0.082382793,5233,0.1240959,33189,26880,0.809906897,1876,0.056524752,4433,0.133568351,32746,26578,0.811641116,2097,0.064038356,4071,0.124320528,39171,31960,0.815909729,3516,0.089760282,3695,0.094329989,33430,26852,0.803230631,3261,0.097547113,3317,0.099222255,30601,24351,0.795758309,3202,0.104637103,3048,0.099604588,32462,26498,0.816277494,3322,0.102335038,2642,0.081387468,40577,31589,0.778495207,6484,0.159794958,2504,0.061709836
48,13806,11638,0.842966826,776,0.056207446,1392,0.100825728,17220,14189,0.82398374,1323,0.076829268,1708,0.099186992,14352,11713,0.816123188,936,0.065217391,1703,0.11865942,13119,10752,0.819574663,880,0.067078283,1487,0.113347054,16636,13385,0.804580428,1072,0.064438567,2179,0.130981005,13299,10569,0.794721408,778,0.058500639,1952,0.146777953,13282,10506,0.790995332,885,0.066631531,1891,0.142373137,16243,13005,0.800652589,1260,0.077571877,1978,0.121775534,13700,10871,0.79350365,1085,0.07919708,1744,0.12729927,12902,10042,0.778328941,883,0.068439002,1977,0.153232057,13103,10180,0.776921316,748,0.057086163,2175,0.165992521,18430,14363,0.779327184,2252,0.122192078,1815,0.098480738
49,17665,12281,0.69521653,2241,0.126861025,3143,0.177922446,22357,14594,0.652770944,3343,0.149528112,4420,0.197700944,17834,12377,0.694011439,2961,0.166031176,2496,0.139957385,17139,11992,0.699690764,2341,0.136589066,2806,0.16372017,22510,16229,0.720968458,2792,0.124033763,3489,0.154997779,17388,13788,0.792960663,1486,0.085461238,2114,0.1215781,17610,13993,0.794605338,1562,0.088699602,2055,0.11669506,20877,16268,0.779230732,1965,0.094122719,2644,0.126646549,17872,13813,0.77288496,2029,0.113529543,2030,0.113585497,15905,12620,0.793461176,1633,0.102672116,1652,0.103866709,17155,13703,0.798775867,1709,0.099621102,1743,0.101603031,20835,16424,0.788288937,2662,0.127765779,1749,0.083945284
54,18157,15501,0.853720328,1786,0.098364267,870,0.047915405,20767,17628,0.848846728,1909,0.091924688,1230,0.059228584,17201,14623,0.850124993,1770,0.102900994,808,0.046974013,16514,14070,0.85200436,1740,0.105365145,704,0.042630495,21406,17842,0.833504625,2101,0.098150051,1463,0.068345324,17066,14247,0.834817766,1704,0.09984765,1115,0.065334583,16787,13939,0.83034491,1989,0.118484542,859,0.051170549,21014,17346,0.8254497,2595,0.123489103,1073,0.051061197,17240,14246,0.826334107,2419,0.140313225,575,0.033352668,17068,13957,0.817729084,2491,0.145945629,620,0.036325287,17444,14224,0.81540931,2387,0.136837881,833,0.047752809,19972,15787,0.790456639,2975,0.148958542,1210,0.060584819
60,15820,13666,0.863843236,702,0.04437421,1452,0.091782554,19705,17038,0.864653641,859,0.043592997,1808,0.091753362,15852,13941,0.879447388,807,0.050908403,1104,0.069644209,14450,12561,0.869273356,917,0.063460208,972,0.067266436,18324,15739,0.858928182,1138,0.062104344,1447,0.078967474,15403,13122,0.851911965,1030,0.06687009,1251,0.081217945,15008,12561,0.836953625,1429,0.095215885,1018,0.06783049,18535,15594,0.841327219,1839,0.099217696,1102,0.059455085,15619,13343,0.854280044,1583,0.101350919,693,0.044369038,15060,12913,0.857436919,1577,0.104714475,570,0.037848606,15166,12859,0.847883423,1752,0.115521561,555,0.036595015,19094,16097,0.843039698,2087,0.109301351,910,0.04765895
65,0,0,0,0,0,0,0,0,0,0,0,0,0,0,0,0,0,0,0,0,0,0,0,0,0,0,0,0,0,0,0,0,0,0,0,0,0,0,0,0,0,0,0,0,0,0,0,0,0,0,0,0,0,0,0,0,0,0,0,0,0,0,0,0,0,0,0,0,0,0,0,0,0,0,0,0,0,0,0,0,0,0,0,0
21,33506,23538,0.702501045,2765,0.082522533,7203,0.214976422,40754,27904,0.684693527,3929,0.096407715,8921,0.218898758,33372,23732,0.711135083,2728,0.081745176,6912,0.207119741,30447,21427,0.703747496,3196,0.104969291,5824,0.191283213,40183,28504,0.709354702,3966,0.098698455,7713,0.191946843,31344,22652,0.722690148,2949,0.094084992,5743,0.18322486,32722,23232,0.709981053,3174,0.096998961,6316,0.193019987,39873,28450,0.713515411,5071,0.127178793,6352,0.159305796,32507,23938,0.736395238,4246,0.130618021,4323,0.132986741,31480,23505,0.746664549,4735,0.150412961,3240,0.10292249,31958,24484,0.766130546,4119,0.128887915,3355,0.104981538,39256,27168,0.692072549,8621,0.219609741,3467,0.088317709
30,8256,6111,0.740188953,319,0.038638566,1826,0.221172481,10031,6948,0.692652776,298,0.029707905,2785,0.277639318,8121,5874,0.723309937,396,0.048762468,1851,0.227927595,7410,5278,0.712280702,324,0.043724696,1808,0.243994602,9997,7144,0.714614384,363,0.036310893,2490,0.249074722,7639,5210,0.682026443,238,0.03115591,2191,0.286817646,8098,5688,0.702395653,250,0.03087182,2160,0.266732527,9594,6690,0.697310819,472,0.049197415,2432,0.253491766,8105,6338,0.781986428,657,0.081061073,1110,0.136952498,7578,6300,0.831353919,523,0.069015571,755,0.099630509,7544,6237,0.826749735,319,0.04228526,988,0.130965005,10002,8136,0.813437313,953,0.095280944,913,0.091281744
31,14164,11142,0.786642191,1077,0.076037842,1945,0.137319966,17663,12924,0.731699032,1052,0.059559531,3687,0.208741437,14080,10668,0.757670455,959,0.068110795,2453,0.17421875,13151,10133,0.770511748,943,0.071705574,2075,0.157782678,17307,13011,0.751776738,1499,0.086612353,2797,0.161610909,13853,10328,0.745542482,759,0.054789576,2766,0.199667942,13741,10575,0.769594644,1079,0.078524125,2087,0.151881231,16820,12957,0.770332937,1514,0.090011891,2349,0.139655172,13888,10438,0.751584101,1564,0.112615207,1886,0.135800691,13044,10074,0.772309108,1452,0.111315547,1518,0.116375345,13707,10453,0.76260305,1526,0.111329977,1728,0.126066973,17130,12889,0.75242265,2804,0.163689434,1437,0.083887916
38,14916,10867,0.728546527,1374,0.092115849,2675,0.179337624,19095,12384,0.64854674,1257,0.065828751,5454,0.285624509,15195,10110,0.665350444,921,0.060612043,4164,0.274037512,14054,9670,0.688060339,1036,0.073715668,3348,0.238223993,18400,13405,0.728532609,1318,0.071630435,3677,0.199836957,14999,10633,0.708913928,1136,0.075738383,3230,0.21534769,15422,10946,0.70976527,1593,0.103293996,2883,0.186940734,17171,12557,0.73129113,1839,0.107099179,2775,0.161609691,14720,10401,0.706589674,1470,0.09986413,2849,0.193546196,14198,10522,0.741090294,1765,0.124313284,1911,0.134596422,14378,10788,0.750312978,1453,0.101057171,2137,0.148629851,18777,14178,0.755072695,3277,0.174522022,1322,0.070405283
40,27723,17820,0.642787577,1463,0.052772067,8440,0.304440356,32866,18145,0.552090306,1442,0.043875129,13279,0.404034565,25563,14883,0.582208661,1497,0.058561202,9183,0.359230137,25149,15513,0.616843612,2184,0.086842419,7452,0.296313969,31666,20303,0.641160867,2869,0.090601907,8494,0.268237226,25652,17815,0.694487759,2232,0.087010759,5605,0.218501481,27368,19244,0.703156972,3079,0.112503654,5045,0.184339374,32215,22640,0.702778209,3327,0.103274872,6248,0.193946919,26513,18888,0.712405235,3547,0.133783427,4078,0.153811338,25328,18818,0.742972205,3378,0.133370183,3132,0.123657612,25565,19323,0.75583806,2456,0.096068844,3786,0.148093096,31513,22849,0.725065846,5403,0.171453051,3261,0.103481103
42,37710,24371,0.646274198,3128,0.08294882,10211,0.270776982,45636,28581,0.626281883,3589,0.078644053,13466,0.295074064,38166,24866,0.651522297,3348,0.087722056,9952,0.260755646,35515,24575,0.691961143,3925,0.110516683,7015,0.197522174,45736,30395,0.664574952,4601,0.10059909,10740,0.234825958,36169,24440,0.675716774,3574,0.098813901,8155,0.225469325,37582,24640,0.655633016,3461,0.092091959,9481,0.252275025,45467,31249,0.687289683,4298,0.094530099,9920,0.218180219,37369,25506,0.682544355,3989,0.106746234,7874,0.210709412,35762,25774,0.720709133,3884,0.108606901,6104,0.170683966,36730,26664,0.725946093,3142,0.085543153,6924,0.188510754,46081,33101,0.718322085,7420,0.161020811,5560,0.120657104
43,18008,12475,0.692747668,793,0.044035984,4740,0.263216348,22178,15255,0.687843809,1277,0.057579583,5646,0.254576607,15400,11021,0.715649351,906,0.058831169,3473,0.225519481,12967,9418,0.726305236,891,0.068712887,2658,0.204981877,17125,11967,0.69880292,1248,0.072875912,3910,0.228321168,16725,11044,0.660328849,1012,0.060508221,4669,0.27916293,17884,12341,0.690058153,1407,0.078673675,4136,0.231268173,19945,13749,0.689345701,1684,0.084432189,4512,0.226222111,17050,12909,0.7571261,1812,0.10627566,2329,0.13659824,16106,12070,0.749410158,1329,0.082515833,2707,0.16807401,17064,12561,0.736111111,1505,0.088197375,2998,0.175691514,21847,16784,0.768251934,2413,0.110449947,2650,0.121298119
44,15303,9803,0.640593348,993,0.064889237,4507,0.294517415,17995,10520,0.584606835,1113,0.061850514,6362,0.353542651,13950,8364,0.599569892,877,0.062867384,4709,0.337562724,13079,8024,0.613502561,921,0.070418228,4134,0.316079211,17237,11097,0.643789523,1380,0.080060335,4760,0.276150142,13473,8112,0.602093075,955,0.070882506,4406,0.327024419,14683,8952,0.609684669,987,0.067220595,4744,0.323094735,16977,11101,0.653884667,1201,0.07074277,4675,0.275372563,14471,9117,0.630018658,1349,0.093220925,4005,0.276760417,14208,10313,0.725858671,1459,0.102688626,2436,0.171452703,14989,10778,0.719060644,1325,0.088398159,2886,0.192541197,14697,10181,0.692726407,2275,0.154793495,2241,0.152480098
46,11806,11245,0.952481789,261,0.022107403,300,0.025410808,14658,13912,0.94910629,352,0.02401419,394,0.02687952,12133,11427,0.941811588,226,0.018626885,480,0.039561526,11387,10832,0.951260209,192,0.016861333,363,0.031878458,14765,13939,0.944056891,477,0.032306129,349,0.023636979,11347,10767,0.948885168,275,0.024235481,305,0.026879351,11603,10865,0.93639576,451,0.038869258,287,0.024734982,13797,12747,0.923896499,521,0.037761832,529,0.038341668,11286,10716,0.949494949,310,0.027467659,260,0.023037391,10918,10367,0.949532881,309,0.028301887,242,0.022165232,11026,10457,0.948394703,352,0.031924542,217,0.019680755,14546,13468,0.925890279,522,0.035886154,556,0.038223567
52,42792,34849,0.814381193,2831,0.066157226,5112,0.119461582,51348,39531,0.769864454,3101,0.060391836,8716,0.16974371,37949,29175,0.768794962,2646,0.069725157,6128,0.161479881,37226,30969,0.831918552,2901,0.077929404,3356,0.090152044,46941,38203,0.813851431,3941,0.083956456,4797,0.102192114,40731,32742,0.803859468,2888,0.070904225,5101,0.125236306,40855,32974,0.807098274,3499,0.085644352,4382,0.107257374,48540,39233,0.808261228,4344,0.089493201,4963,0.102245571,39189,31623,0.80693562,3978,0.101508076,3588,0.091556304,37628,30496,0.810460296,4262,0.113266716,2870,0.076272988,38876,31757,0.816879309,3823,0.098338306,3296,0.084782385,52001,41410,0.79633084,6100,0.117305436,4491,0.086363724
65,24526,19446,0.79287287,1578,0.064339884,3502,0.142787246,29335,22492,0.766729163,1649,0.056212715,5194,0.177058122,24800,19724,0.795322581,1887,0.07608871,3189,0.12858871,22825,18512,0.811040526,1549,0.067864184,2764,0.12109529,29807,24213,0.812325964,2138,0.071728118,3456,0.115945919,23509,16170,0.687821685,1213,0.051597261,6126,0.260581054,24628,17463,0.709070976,1361,0.055262303,5804,0.235666721,28603,21239,0.742544488,1877,0.065622487,5487,0.191833025,23310,17744,0.761218361,2085,0.089446589,3481,0.149335049,23121,18506,0.800397907,2517,0.108862073,2098,0.09074002,23066,18244,0.790947715,2209,0.095768664,2613,0.113283621,29671,23154,0.780357925,4078,0.137440599,2439,0.082201476
MFO,8846,7531,0.851345241,520,0.058783631,795,0.089871128,10212,8147,0.797786917,735,0.071974148,1330,0.130238935,8424,6220,0.738366572,428,0.050807217,1776,0.210826211,7798,6013,0.771095153,309,0.039625545,1476,0.189279302,10881,8942,0.821799467,524,0.048157338,1415,0.130043195,7847,6632,0.845163757,726,0.092519434,489,0.062316809,8354,6686,0.800335169,719,0.086066555,949,0.113598276,9595,8285,0.863470558,972,0.101302762,338,0.035226681,8174,6920,0.846586738,804,0.098360656,450,0.055052606,7831,6650,0.84918912,743,0.094879326,438,0.055931554,7771,6550,0.842877365,693,0.089177712,528,0.067944923,8498,6686,0.786773358,411,0.048364321,1401,0.164862321
10,28612,20186,0.705508178,1926,0.067314414,6500,0.227177408,32495,25026,0.770149254,2386,0.073426681,5083,0.156424065,20853,15909,0.762911811,2512,0.120462284,2432,0.116625905,13281,8347,0.62849183,2688,0.202394398,2246,0.169113772,20496,13950,0.680620609,2482,0.121096799,4064,0.198282592,17881,12366,0.69157206,1087,0.060790784,4428,0.247637157,19852,14300,0.720330445,1218,0.06135402,4334,0.218315535,19837,13652,0.688208903,1449,0.073045319,4736,0.238745778,16625,12140,0.730225564,1423,0.085593985,3062,0.184180451,17928,13419,0.748493976,1514,0.084448907,2995,0.167057117,20392,15433,0.756816399,1923,0.094301687,3036,0.148881914,27766,20461,0.736908449,3778,0.136065692,3527,0.127025859
15,12332,9224,0.747972754,1232,0.099902692,1876,0.152124554,13200,9516,0.720909091,1453,0.110075758,2231,0.169015152,7339,4727,0.644093201,1108,0.150974247,1504,0.204932552,7201,2072,0.287737814,2171,0.301485905,2958,0.410776281,16318,9502,0.582301753,4155,0.254626792,2661,0.163071455,5465,3990,0.73010064,593,0.108508692,882,0.161390668,6878,4692,0.682175051,1042,0.151497528,1144,0.166327421,9277,6310,0.680176781,1552,0.167295462,1415,0.152527757,5633,4230,0.750932008,983,0.174507367,420,0.074560625,8507,6394,0.751616316,1432,0.168331962,681,0.080051722,21802,14400,0.660489863,4959,0.227456197,2443,0.11205394,35634,24059,0.675169782,7762,0.217825672,3813,0.107004546
15B,4384,4137,0.943658759,0,0,247,0.056341241,5443,5015,0.921366893,0,0,428,0.078633107,3882,3655,0.941524987,0,0,227,0.058475013,8,7,0.875,0,0,1,0.125,1103,1032,0.9356301,0,0,71,0.0643699,4375,3904,0.892342857,0,0,471,0.107657143,4097,3546,0.86551135,0,0,551,0.13448865,4748,3927,0.827085088,0,0,821,0.172914912,4607,3822,0.82960712,0,0,785,0.17039288,4630,3842,0.829805616,0,0,788,0.170194384,4,4,1,0,0,0,0,0,0,0,0,0,0,0
1,5871,4372,0.744677227,627,0.106796117,872,0.148526656,7247,5276,0.72802539,603,0.083206844,1368,0.188767766,5728,4272,0.745810056,774,0.135125698,682,0.119064246,5353,3977,0.74294788,627,0.117130581,749,0.139921539,6783,5183,0.764116173,975,0.143741707,625,0.09214212,5161,3531,0.684169735,487,0.094361558,1143,0.221468708,5606,3728,0.665001784,486,0.086692829,1392,0.248305387,6411,4295,0.669942287,612,0.095460927,1504,0.234596787,5337,3815,0.714821061,480,0.089938168,1042,0.195240772,5289,3931,0.743240688,561,0.1060692,797,0.150690112,5535,4099,0.740560072,629,0.11364047,807,0.145799458,6078,4339,0.713886147,868,0.142810135,871,0.143303718
14,29053,22332,0.768664165,3343,0.11506557,3378,0.116270265,36116,28041,0.776414885,4265,0.118091705,3810,0.10549341,29743,22944,0.771408399,3300,0.110950476,3499,0.117641126,28126,21707,0.771777003,3290,0.116973619,3129,0.111249378,36529,28220,0.772536888,4745,0.129896794,3564,0.097566317,28803,22132,0.768392181,3473,0.120577718,3198,0.111030101,29483,22568,0.765458061,3539,0.120035275,3376,0.114506665,34365,27600,0.803142732,2832,0.082409428,3933,0.114447839,29527,23324,0.789921089,2861,0.096894368,3342,0.113184543,29214,23825,0.815533648,2945,0.100807832,2444,0.08365852,29685,24104,0.811992589,2826,0.095199596,2755,0.092807815,27702,22682,0.818785647,3368,0.121579669,1652,0.059634683
19,5984,5214,0.871323529,364,0.060828877,406,0.067847594,6839,5747,0.840327533,357,0.052200614,735,0.107471853,5636,4879,0.865684883,320,0.056777857,437,0.07753726,5350,4631,0.865607477,319,0.059626168,400,0.074766355,6828,5934,0.869068541,355,0.051991798,539,0.07893966,5151,4261,0.827218016,295,0.057270433,595,0.115511551,5542,4672,0.843016961,453,0.081739444,417,0.075243594,5932,5029,0.847774781,474,0.079905597,429,0.072319622,5151,4339,0.842360707,549,0.106581246,263,0.051058047,5015,4122,0.821934197,559,0.111465603,334,0.066600199,5262,4530,0.860889396,544,0.103382744,188,0.03572786,6368,5220,0.819723618,647,0.101601759,501,0.078674623
20,25789,21166,0.820737524,2340,0.09073636,2283,0.088526116,32121,26436,0.823012982,3017,0.093926092,2668,0.083060926,25651,20641,0.804685977,2977,0.116057853,2033,0.079256169,23830,18978,0.796391104,3359,0.140956777,1493,0.062652119,30380,23998,0.789927584,4605,0.151579987,1777,0.058492429,25174,21211,0.842575673,2390,0.094939223,1573,0.062485104,25570,21433,0.838208838,2364,0.092452092,1773,0.069339069,29841,25542,0.855936463,2135,0.07154586,2164,0.072517677,25495,21985,0.862325946,1819,0.071347323,1691,0.066326731,25464,22102,0.867970468,2175,0.085414703,1187,0.046614829,26360,22982,0.87185129,1924,0.072989378,1454,0.055159332,31350,26964,0.860095694,2969,0.094704944,1417,0.045199362
24,8559,6798,0.794251665,638,0.074541418,1123,0.131206917,10361,8318,0.802818261,576,0.055593089,1467,0.14158865,8763,7096,0.809768344,959,0.109437407,708,0.080794249,8066,6512,0.80733945,947,0.117406397,607,0.075254153,10301,8382,0.813707407,1139,0.110571789,780,0.075720804,8138,6504,0.799213566,667,0.08196117,967,0.118825264,8681,7304,0.841377721,571,0.065775832,806,0.092846446,9432,7923,0.840012723,789,0.083651399,720,0.076335878,8399,6980,0.831051316,802,0.095487558,617,0.073461126,8060,6662,0.826550868,832,0.103225806,566,0.070223325,8512,7182,0.84375,675,0.079299812,655,0.076950188,10040,8486,0.845219124,949,0.094521912,605,0.060258964
28,9745,8512,0.873473576,779,0.07993843,454,0.046587994,11605,9679,0.834037053,1077,0.092804826,849,0.073158121,9641,8332,0.864225703,974,0.101026864,335,0.034747433,8893,7880,0.886090183,803,0.090295738,210,0.023614078,11502,10102,0.878282038,917,0.079725265,483,0.041992697,9482,8047,0.84866062,582,0.061379456,853,0.089959924,9761,8327,0.853088823,638,0.065362156,796,0.081549022,11253,9391,0.834533013,939,0.083444415,923,0.082022572,9229,7686,0.832809622,908,0.098385524,635,0.068804854,8948,7416,0.828788556,968,0.108180599,564,0.063030845,9692,8154,0.841312423,1036,0.106892282,502,0.051795295,10938,9023,0.824922289,1501,0.137228012,414,0.037849698
50,9745,8398,0.861775269,390,0.040020523,957,0.098204207,12057,10203,0.846230406,463,0.038400929,1391,0.115368666,9625,8061,0.837506494,387,0.040207792,1177,0.122285714,9023,7751,0.859026931,366,0.040563006,906,0.100410063,11518,9847,0.85492273,544,0.047230422,1127,0.097846848,9347,7848,0.839627688,300,0.03209586,1199,0.128276452,9391,7909,0.84218933,252,0.026834203,1230,0.130976467,11092,9356,0.843490804,429,0.038676524,1307,0.117832672,9543,7969,0.835062349,419,0.043906528,1155,0.121031122,9163,7726,0.843173633,453,0.049437957,984,0.10738841,9750,8343,0.855692308,447,0.045846154,960,0.098461538,12312,10470,0.850389864,855,0.069444444,987,0.080165692
58,30601,23470,0.7669684,3576,0.116858926,3555,0.116172674,38056,28432,0.747109523,4767,0.125262771,4857,0.127627707,29007,22649,0.780811528,3361,0.115868583,2997,0.103319888,27431,21884,0.79778353,2766,0.100834822,2781,0.101381648,34506,27299,0.791137773,3554,0.10299658,3653,0.105865647,29007,22409,0.772537663,2647,0.091253835,3951,0.136208501,30864,23680,0.76723691,3039,0.09846423,4145,0.13429886,35542,28074,0.789882393,2862,0.08052445,4606,0.129593157,29023,23019,0.793129587,2485,0.085621748,3519,0.121248665,29162,23079,0.791406625,3131,0.10736575,2952,0.101227625,30267,24568,0.811709122,2746,0.090725873,2953,0.097565005,35619,28876,0.810690923,4842,0.135938684,1901,0.053370392
67,14417,11542,0.800582645,1320,0.091558577,1555,0.107858778,17276,13854,0.801921741,1131,0.065466543,2291,0.132611716,11720,9973,0.850938567,912,0.0778157,835,0.071245734,10142,8749,0.862650365,604,0.059554329,789,0.077795307,13056,11421,0.874770221,621,0.047564338,1014,0.077665441,13594,11019,0.810578196,849,0.062454024,1726,0.12696778,13792,11261,0.816487819,1028,0.074535963,1503,0.108976218,15955,13153,0.824381072,1320,0.082732686,1482,0.092886243,12783,10570,0.826879449,1008,0.078854729,1205,0.094265822,13258,11173,0.842736461,997,0.075199879,1088,0.08206366,13671,11651,0.852241972,1059,0.077463243,961,0.070294785,15573,12693,0.815064535,1396,0.08964233,1484,0.095293136
70,23344,19401,0.831091501,1599,0.068497258,2344,0.100411241,28337,22003,0.776475985,1763,0.062215478,4571,0.161308537,21921,19015,0.867433055,1297,0.059167009,1609,0.073399936,20139,17777,0.88271513,1245,0.061820349,1117,0.055464522,25714,22280,0.866454072,1376,0.053511706,2058,0.080034223,23136,18394,0.795038036,1794,0.077541494,2948,0.12742047,23976,19479,0.812437437,1933,0.080622289,2564,0.106940274,28403,22903,0.806358483,2485,0.087490758,3015,0.106150759,23208,18976,0.817649087,2042,0.087986901,2190,0.094364012,22809,19235,0.843307466,2299,0.100793546,1275,0.055898987,24102,20635,0.856153016,1959,0.081279562,1508,0.062567422,28418,23308,0.82018439,3826,0.134632979,1284,0.045182631
78,285,250,0.877192982,28,0.098245614,7,0.024561404,336,303,0.901785714,24,0.071428571,9,0.026785714,253,231,0.913043478,9,0.035573123,13,0.051383399,215,199,0.925581395,6,0.027906977,10,0.046511628,287,265,0.923344948,5,0.017421603,17,0.059233449,198,183,0.924242424,7,0.035353535,8,0.04040404,222,188,0.846846847,18,0.081081081,16,0.072072072,260,222,0.853846154,32,0.123076923,6,0.023076923,223,174,0.780269058,25,0.112107623,24,0.107623318,212,182,0.858490566,26,0.122641509,4,0.018867925,230,187,0.813043478,36,0.156521739,7,0.030434783,0,0,0,0,0,0,0.009174312
84,13876,11003,0.792951859,1808,0.130296916,1065,0.076751225,16556,13023,0.786603044,2106,0.127204639,1427,0.086192317,12956,10401,0.802794072,1784,0.13769682,771,0.059509108,11609,9595,0.826513912,1537,0.132397278,477,0.04108881,15338,12636,0.823836224,1854,0.120876255,848,0.055287521,12587,9258,0.735520775,745,0.059188051,2584,0.205291173,13076,10318,0.789079229,959,0.073340471,1799,0.1375803,14725,11818,0.802580645,799,0.05426146,2108,0.143157895,12288,9746,0.79313151,968,0.078776042,1574,0.128092448,12530,10270,0.819632881,849,0.067757382,1411,0.112609737,13214,11209,0.84826699,787,0.059558044,1218,0.092174966,15847,12952,0.81731558,1507,0.095096864,1388,0.087587556
88,1094,955,0.872943327,46,0.042047532,93,0.085009141,1335,1151,0.862172285,49,0.03670412,135,0.101123596,924,837,0.905844156,54,0.058441558,33,0.035714286,818,729,0.891198044,20,0.024449878,69,0.084352078,1147,1064,0.927637315,16,0.013949433,67,0.058413252,1010,698,0.691089109,17,0.016831683,295,0.292079208,1143,893,0.78127734,27,0.023622047,223,0.195100612,1243,970,0.780370072,65,0.05229284,208,0.167337088,1040,888,0.853846154,77,0.074038462,75,0.072115385,894,695,0.777404922,55,0.061521253,144,0.161073826,1053,845,0.802469136,52,0.049382716,156,0.148148148,1328,1130,0.850903614,145,0.109186747,53,0.039909639
D,22223,19497,0.877334293,1127,0.050713225,1599,0.071952482,27794,24219,0.871375117,1534,0.055191768,2041,0.073433115,23021,20007,0.869076061,1485,0.06450632,1529,0.066417619,21002,17984,0.8562994,1377,0.065565184,1641,0.078135416,27537,23581,0.856338744,1720,0.062461416,2236,0.08119984,22715,19880,0.875192604,1552,0.068324895,1283,0.056482501,21815,19164,0.878478111,1515,0.069447628,1136,0.052074261,25847,22447,0.868456687,2053,0.079428947,1347,0.052114365,21831,18885,0.865054281,1652,0.075672209,1294,0.05927351,21845,18962,0.86802472,2030,0.092927443,853,0.039047837,21567,18997,0.880836463,1826,0.084666388,744,0.034497148,25567,21656,0.847029374,3155,0.123401259,756,0.029569367
MFO,2748,2383,0.867176128,238,0.086608443,127,0.046215429,3523,2893,0.821175135,218,0.06187908,412,0.116945785,3261,2507,0.768782582,216,0.066237351,538,0.164980067,3187,2684,0.842171321,160,0.050203954,343,0.107624725,4265,3457,0.810550996,286,0.067057444,522,0.122391559,2838,2369,0.834742777,293,0.10324172,176,0.062015504,2594,2119,0.81688512,273,0.105242868,202,0.077872012,3264,2653,0.812806373,477,0.146139706,134,0.041053922,2961,2386,0.805808848,322,0.108747045,253,0.085444107,2976,2329,0.782594086,355,0.119287634,292,0.09811828,3162,2415,0.763757116,261,0.082542694,486,0.15370019,3130,2744,0.876677316,162,0.051757188,224,0.071565495
11,14795,10347,0.699357891,818,0.055288949,3630,0.24535316,17505,11801,0.674150243,1110,0.063410454,4594,0.262439303,12926,8870,0.686213833,1052,0.081386353,3004,0.232399814,13455,9529,0.70821256,1159,0.086138982,2767,0.205648458,16574,11692,0.705442259,2088,0.125980451,2794,0.16857729,13947,10934,0.783967878,1648,0.118161612,1365,0.09787051,13841,10911,0.788310093,1313,0.094863088,1617,0.116826819,16030,12432,0.775545852,1439,0.089769183,2159,0.134684966,14141,10687,0.755745704,1262,0.089244042,2192,0.155010254,14772,11310,0.765637693,1760,0.119144327,1702,0.11521798,16145,11902,0.737194178,2054,0.12722205,2189,0.135583772,25281,18183,0.71923579,4865,0.192437008,2233,0.088327202
13,19141,14547,0.759991641,2616,0.136669975,1978,0.103338384,22002,16758,0.761658031,3100,0.140896282,2144,0.097445687,15062,11325,0.751892179,810,0.053777719,2927,0.194330102,13968,10609,0.759521764,516,0.036941581,2843,0.203536655,18080,14049,0.77704646,909,0.050276549,3122,0.172676991,15004,12182,0.811916822,922,0.06145028,1900,0.126632898,15305,12430,0.812152891,874,0.057105521,2001,0.130741588,18194,14337,0.788007035,727,0.039958228,3130,0.172034737,15082,12289,0.814812359,667,0.044224904,2126,0.140962737,15857,13011,0.820520906,887,0.055937441,1959,0.123541654,18766,15080,0.803580944,1491,0.079452201,2195,0.116966855,31489,25628,0.813871511,3898,0.12378926,1963,0.06233923
34,5270,4127,0.783111954,275,0.052182163,868,0.164705882,6321,4980,0.787850024,309,0.04888467,1032,0.163265306,4064,2909,0.715797244,433,0.106545276,722,0.17765748,5550,4125,0.743243243,414,0.074594595,1011,0.182162162,6690,4904,0.73303438,649,0.097010463,1137,0.169955157,5728,4321,0.754364525,356,0.062150838,1051,0.183484637,5769,4207,0.729242503,369,0.063962559,1193,0.206794938,6666,5196,0.779477948,236,0.03540354,1234,0.185118512,5719,4567,0.798566183,218,0.038118552,934,0.163315265,5412,4394,0.811899483,220,0.040650407,798,0.147450111,6689,5368,0.802511586,374,0.055912692,947,0.141575721,12589,10604,0.842322663,1190,0.094526968,795,0.063150369
36,17306,13100,0.756962903,1241,0.071709234,2965,0.171327863,20396,14939,0.732447539,1492,0.073151598,3965,0.194400863,14268,10429,0.730936361,1117,0.078287076,2722,0.190776563,13063,8868,0.678863967,1428,0.10931639,2767,0.211819643,19459,12154,0.624595303,5382,0.27658153,1923,0.098823167,14105,10976,0.778163772,1255,0.088975541,1874,0.132860688,14345,11391,0.79407459,1110,0.077378878,1844,0.128546532,16602,12633,0.760932418,1473,0.08872425,2496,0.150343332,14262,11043,0.77429533,1280,0.089748983,1939,0.135955686,14321,11043,0.77110537,1544,0.1078137,1734,0.12108093,17158,13120,0.764657886,1819,0.106014687,2219,0.129327427,29288,22578,0.77089593,4904,0.16744059,1806,0.06166348
11B,0,0,0,0,0,0,0,0,0,0,0,0,0,0,0,0,0,0,0,0,0,0,0,0,0,0,0,0,0,0,0,0,0,0,0,0,0,0,0,0,0,0,0,0,0,0,0,0,0,0,0,0,0,0,0,0,0,0,0,0,0,0,0,0,0,0,0,0,0,0,0,0,0,0,0,0,0,0,0,0,0,0,0,0
1,4649,3330,0.716283072,469,0.10088191,850,0.182835018,5286,3538,0.669315172,640,0.121074537,1108,0.209610291,4658,3491,0.749463289,527,0.113138686,640,0.137398025,4139,2902,0.70113554,457,0.110413143,780,0.188451317,5051,3659,0.724411008,528,0.104533756,864,0.171055237,4330,2732,0.630946882,342,0.078983834,1256,0.290069284,4644,3034,0.653316107,391,0.08419466,1219,0.262489233,5039,3375,0.669775749,370,0.073427267,1294,0.256796984,4329,2986,0.68976669,475,0.10972511,868,0.200508201,4419,3365,0.761484499,482,0.109074451,572,0.12944105,4708,3548,0.753610875,382,0.081138488,778,0.165250637,4080,3168,0.776470588,519,0.127205882,393,0.096323529
3,19126,14297,0.74751647,1317,0.068859145,3512,0.183624386,23074,17373,0.752925371,1718,0.074456098,3983,0.172618532,20303,16064,0.791213121,1550,0.076343398,2689,0.132443481,18661,14683,0.786828144,1284,0.068806602,2694,0.144365254,23830,17825,0.748006714,1270,0.053294167,4735,0.198699119,19066,13298,0.69747194,979,0.051347949,4789,0.251180111,19630,14686,0.748140601,1400,0.071319409,3544,0.18053999,24007,18485,0.769983755,1559,0.064939393,3963,0.165076853,19072,14906,0.781564597,1559,0.081742869,2607,0.136692534,19662,15733,0.800172922,1790,0.091038552,2139,0.108788526,19670,15460,0.78596848,1182,0.06009151,3028,0.15394001,23234,17686,0.761212017,2340,0.10071447,3208,0.138073513
5,11081,9184,0.828806064,333,0.030051439,1564,0.141142496,13755,11475,0.834242094,494,0.035914213,1786,0.129843693,11440,9728,0.85034965,484,0.042307692,1228,0.107342657,10557,8993,0.851851852,551,0.052192858,1013,0.09595529,12674,10828,0.854347483,496,0.039135237,1350,0.106517279,10991,8730,0.794286234,567,0.051587663,1694,0.154126103,11741,9253,0.788093007,804,0.068477983,1684,0.143429009,12870,10302,0.8004662,1003,0.077933178,1565,0.121600622,10854,8900,0.819974203,777,0.071586512,1177,0.108439285,11166,8394,0.751746373,887,0.079437578,1885,0.168816049,11676,9068,0.776635834,918,0.078622816,1690,0.14474135,13843,10564,0.763129379,786,0.0567796,2493,0.180091021
8,9381,8030,0.855985503,108,0.011512632,1243,0.132501865,10789,8688,0.805264621,89,0.008249143,2012,0.186486236,6571,6029,0.91751636,53,0.008065743,489,0.074417897,5354,4988,0.931639895,22,0.004109077,344,0.064251027,6614,5911,0.893710311,29,0.004384639,674,0.10190505,8902,7350,0.825657156,188,0.02111885,1364,0.153223995,9164,8018,0.874945439,260,0.02837189,886,0.096682671,9893,8597,0.868998282,251,0.025371475,1045,0.105630244,8098,7192,0.888120524,260,0.032106693,646,0.079772783,8192,7476,0.912597656,280,0.034179688,436,0.053222656,9122,8102,0.888182416,399,0.043740408,621,0.068077176,9348,8100,0.866495507,378,0.040436457,870,0.093068036
19,1568,1411,0.899872449,108,0.068877551,49,0.03125,1623,1419,0.874306839,120,0.073937153,84,0.051756007,1330,1184,0.890225564,112,0.084210526,34,0.02556391,1105,1034,0.935746606,53,0.047963801,18,0.016289593,1472,1341,0.911005435,57,0.038722826,74,0.050271739,1405,1267,0.901779359,42,0.029893238,96,0.068327402,1459,1269,0.869773818,70,0.047978067,120,0.082248115,1469,1331,0.906058543,61,0.041524847,77,0.05241661,1352,1252,0.926035503,72,0.053254438,28,0.020710059,1470,1371,0.932653061,72,0.048979592,27,0.018367347,1466,1350,0.920873124,55,0.037517053,61,0.041609823,1434,1264,0.881450488,138,0.09623431,32,0.022315202
25,17884,13923,0.77851711,1557,0.08706106,2404,0.13442183,21372,16450,0.769698671,2004,0.093767546,2918,0.136533783,18268,14063,0.769816072,1630,0.089227064,2575,0.140956864,16971,12664,0.74621413,1684,0.099228095,2623,0.154557775,19993,15202,0.760366128,1441,0.072075226,3350,0.167558646,17176,12425,0.723393107,836,0.048672566,3915,0.227934327,18331,13407,0.731383994,1236,0.067426763,3688,0.201189242,20766,15482,0.745545603,1576,0.075893287,3708,0.17856111,17645,12624,0.715443468,1274,0.072201757,3747,0.212354775,18023,13814,0.766465072,1512,0.083892804,2697,0.149642124,18219,14252,0.782260278,1604,0.088039958,2363,0.129699764,23074,17628,0.76397677,3455,0.149735633,1991,0.086287596
67,8165,6823,0.835639927,730,0.089406001,612,0.074954072,9780,8172,0.835582822,645,0.06595092,963,0.098466258,7624,6456,0.84679958,507,0.066500525,661,0.086699895,6981,5698,0.816215442,353,0.050565822,930,0.133218737,7680,6225,0.810546875,339,0.044140625,1116,0.1453125,8285,6418,0.774652987,467,0.056366928,1400,0.168980084,8261,6719,0.813339789,524,0.063430577,1018,0.123229633,8702,7051,0.8102735,461,0.052976327,1190,0.136750172,7960,6609,0.830276382,515,0.064698492,836,0.105025126,7965,6644,0.834149404,570,0.071563089,751,0.094287508,8457,7215,0.853139411,453,0.053565094,789,0.093295495,10494,8885,0.84667429,970,0.092433772,639,0.060891938
73,8303,7066,0.851017704,242,0.029146092,995,0.119836204,10609,9166,0.86398341,289,0.027241022,1154,0.108775568,8932,7777,0.870689655,306,0.034258845,849,0.0950515,8514,7589,0.891355415,278,0.032652102,647,0.075992483,9399,8212,0.873709969,320,0.034046175,867,0.092243856,8979,7533,0.838957568,245,0.027285889,1201,0.133756543,9501,7151,0.752657615,278,0.029260078,2072,0.218082307,9986,7590,0.76006409,297,0.029741638,2099,0.210194272,8850,7447,0.841468927,324,0.036610169,1079,0.121920904,9353,7903,0.844969528,311,0.033251363,1139,0.121779108,9760,8469,0.86772541,443,0.045389344,848,0.086885246,12189,10719,0.879399459,453,0.037164657,1017,0.083435885
88,10671,9491,0.889419923,374,0.035048262,806,0.075531815,13034,11326,0.86895811,547,0.041967163,1161,0.089074728,9510,8572,0.901366982,419,0.044058885,519,0.054574132,8809,8030,0.911567715,399,0.045294585,380,0.0431377,9219,8387,0.9097516,296,0.032107604,536,0.058140796,9886,8490,0.858790208,278,0.028120575,1118,0.113089217,10629,9508,0.894533823,208,0.019569103,913,0.085897074,11218,9676,0.862542343,369,0.032893564,1173,0.104564093,9707,8494,0.875038632,275,0.028330071,938,0.096631297,10051,8747,0.870261666,394,0.03920008,910,0.090538255,10507,9165,0.872275626,446,0.042447892,896,0.085276482,12957,11658,0.899745311,790,0.060970904,509,0.039283785
J,10400,8660,0.832692308,570,0.054807692,1170,0.1125,12309,10061,0.817369405,599,0.048663579,1649,0.133967016,10224,8769,0.857687793,680,0.066510172,775,0.075802034,9592,8356,0.871142619,599,0.062447873,637,0.066409508,10927,9294,0.850553674,741,0.067813673,892,0.081632653,10307,8171,0.7927622,606,0.058794994,1530,0.148442806,10890,8442,0.775206612,1033,0.094857668,1415,0.129935721,11789,9624,0.816354229,947,0.08032912,1218,0.103316651,10633,8644,0.812940845,933,0.087745697,1056,0.099313458,10377,8379,0.807458803,1087,0.104750891,911,0.087790305,10851,8932,0.82314994,1018,0.093816238,901,0.083033822,13294,10720,0.806378818,1457,0.109598315,1117,0.084022867
K,22463,18028,0.802564217,1972,0.087788808,2463,0.109646975,26712,20721,0.775718778,2155,0.080675352,3836,0.14360587,21086,16906,0.801764204,2535,0.120221948,1645,0.078013848,19854,16064,0.809106477,2515,0.126674725,1275,0.064218797,22515,18432,0.818654231,2323,0.103175661,1760,0.078170109,22320,17334,0.776612903,1817,0.08140681,3169,0.141980287,22847,17945,0.78544229,2283,0.099925592,2619,0.114632118,24636,19404,0.787627862,2573,0.104440656,2659,0.107931482,21373,16744,0.783418332,2753,0.128807374,1876,0.087774295,22200,17687,0.796711712,3180,0.143243243,1333,0.060045045,22804,18235,0.799640414,3291,0.144316787,1278,0.0560428,28865,22350,0.774294128,5166,0.178971072,1349,0.0467348
MFO,8615,7666,0.889843297,501,0.058154382,448,0.052002322,10152,8982,0.884751773,590,0.058116627,580,0.0571316,8110,6830,0.84217016,575,0.070900123,705,0.086929716,7313,6091,0.832900315,612,0.083686586,610,0.0834131,8859,7628,0.861045265,592,0.066824698,639,0.072130037,7928,6621,0.835141271,955,0.120459132,352,0.044399596,8332,6451,0.774243879,1517,0.182069131,364,0.04368699,9564,7467,0.780740276,1728,0.180677541,369,0.038582183,8435,6839,0.810788382,1433,0.169887374,163,0.019324244,8352,7074,0.846982759,875,0.104765326,403,0.048251916,8277,6684,0.807538963,1157,0.139784946,436,0.05267609,8795,7890,0.897100625,332,0.037748721,573,0.065150654
R,24771,20014,0.807960922,2041,0.082394736,2716,0.109644342,30609,23789,0.777189715,2094,0.068411252,4726,0.154399033,23597,19054,0.807475527,2401,0.101750222,2142,0.090774251,21114,17121,0.810883774,2154,0.102017619,1839,0.087098608,21781,17825,0.818373812,1800,0.082640834,2156,0.098985354,23489,17303,0.736642684,2211,0.094129167,3975,0.169228149,24087,18300,0.759745921,2404,0.099804874,3383,0.140449205,25565,19391,0.758497946,2394,0.093643653,3780,0.1478584,23334,18237,0.781563384,2624,0.11245393,2473,0.105982686,23878,18932,0.792863724,2964,0.124130999,1982,0.083005277,24594,19496,0.79271367,2713,0.110311458,2385,0.096974872,29382,23281,0.792355864,4332,0.147437206,1769,0.060206929
59,10225,9629,0.941711491,327,0.03198044,269,0.026308068,12214,11365,0.930489602,315,0.025790077,534,0.043720321,9824,9271,0.943709283,218,0.022190554,335,0.034100163,8856,8299,0.937104788,207,0.023373984,350,0.039521229,12239,11532,0.942233843,273,0.022305744,434,0.035460413,10114,9307,0.92020961,166,0.016412893,641,0.063377497,10511,9725,0.925221197,191,0.018171439,595,0.056607364,12085,10995,0.909805544,260,0.021514274,830,0.068680182,10291,9401,0.913516665,305,0.029637547,585,0.056845788,9752,8933,0.916017227,299,0.030660377,520,0.053322395,9731,9028,0.927756654,226,0.023224746,477,0.0490186,12938,11801,0.912119338,780,0.060287525,357,0.027593136
66,21913,19273,0.87952357,1586,0.072377128,1054,0.048099302,27144,24043,0.885757442,1635,0.060234306,1466,0.054008252,24015,21264,0.885446596,1604,0.066791589,1147,0.047761816,21659,19620,0.905858996,1159,0.053511242,880,0.040629761,27899,24876,0.891644862,1934,0.069321481,1089,0.039033657,25054,22074,0.881056917,1679,0.067015247,1301,0.051927836,26021,23094,0.887513931,1840,0.070712117,1087,0.041773952,28679,25303,0.882283204,2223,0.077513163,1153,0.040203633,23353,20940,0.896672804,1662,0.071168586,751,0.032158609,27068,24028,0.887690262,2356,0.087040047,684,0.025269691,28086,25070,0.892615538,2331,0.082995087,685,0.024389375,35247,29941,0.849462366,4358,0.123641728,948,0.026895906
75,10326,9025,0.87400736,469,0.04541933,832,0.08057331,12222,10518,0.860579283,387,0.031664212,1317,0.107756505,10046,9275,0.923253036,375,0.03732829,396,0.039418674,9747,8997,0.923053247,415,0.042577203,335,0.03436955,11840,10893,0.920016892,532,0.044932432,415,0.035050676,10032,8915,0.8886563,447,0.044557416,670,0.066786284,10668,9614,0.90119985,488,0.045744282,566,0.053055868,11751,10467,0.890732704,563,0.047910816,721,0.06135648,9289,8366,0.90063516,417,0.044891808,506,0.054473033,7942,6777,0.853311508,295,0.037144296,870,0.109544195,8286,7288,0.879555877,491,0.059256577,507,0.061187545,12699,11205,0.882352941,896,0.070556737,598,0.047090322
90,4994,4383,0.877653184,248,0.049659592,363,0.072687225,6085,5296,0.870336894,265,0.043549712,524,0.086113394,4751,4178,0.879393812,249,0.052410019,324,0.068196169,4696,4166,0.88713799,300,0.063884157,230,0.048977853,6316,5570,0.88188727,377,0.059689677,369,0.058423053,5008,4330,0.864616613,364,0.072683706,314,0.062699681,5033,4391,0.872441884,360,0.071527916,282,0.056030201,5674,4922,0.867465633,464,0.081776524,288,0.050757843,4786,4114,0.859590472,346,0.072294191,326,0.068115336,4827,4139,0.857468407,375,0.077688005,313,0.064843588,4920,4232,0.860162602,446,0.090650407,242,0.049186992,6257,5251,0.839220074,771,0.123221991,235,0.037557935
91,47,36,0.765957447,0,0,11,0.234042553,57,50,0.877192982,0,0,7,0.122807018,41,41,1,0,0,0,0,44,42,0.954545455,2,0.045454545,0,0,57,51,0.894736842,0,0,6,0.105263158,46,39,0.847826087,2,0.043478261,5,0.108695652,47,45,0.957446809,0,0,2,0.042553191,59,56,0.949152542,0,0,3,0.050847458,42,37,0.880952381,0,0,5,0.119047619,44,36,0.818181818,2,0.045454545,6,0.136363636,43,38,0.88372093,1,0.023255814,4,0.093023256,50,42,0.84,5,0.1,3,0.06
92,5291,4243,0.801927802,456,0.086184086,592,0.111888112,6127,5024,0.81997715,379,0.061857353,724,0.118165497,4922,3952,0.80292564,336,0.068264933,634,0.128809427,4541,3605,0.793878,377,0.083021361,559,0.123100639,5926,4810,0.811677354,469,0.079142761,647,0.109179885,4790,4018,0.838830898,176,0.036743215,596,0.124425887,5121,4227,0.825424722,188,0.03671158,706,0.137863698,5432,4320,0.795287187,436,0.080265096,676,0.124447717,4806,3622,0.753641282,522,0.108614232,662,0.137744486,4750,3925,0.826315789,436,0.091789474,389,0.081894737,4881,4129,0.84593321,406,0.083179676,346,0.070887113,6249,5045,0.807329173,793,0.126900304,411,0.065770523
93,8845,7492,0.847032222,823,0.093046919,530,0.059920859,10500,8786,0.836761905,790,0.075238095,924,0.088,8375,6898,0.823641791,731,0.087283582,746,0.089074627,8127,6785,0.834871416,738,0.090808416,604,0.074320167,11001,9147,0.831469866,947,0.086083083,907,0.08244705,8476,6966,0.821849929,747,0.088131194,763,0.090018877,8656,7020,0.810998152,733,0.084681146,903,0.104320702,9656,7669,0.79422121,884,0.091549296,1103,0.114229495,8287,6285,0.758416797,1099,0.132617352,903,0.10896585,8054,6467,0.802955053,1064,0.132108269,523,0.064936677,8077,6615,0.8189922,810,0.100284759,652,0.080723041,10348,7961,0.769327406,1962,0.189601855,425,0.041070738
94,5451,4722,0.866263071,199,0.036507063,530,0.097229866,6671,5853,0.877379703,190,0.028481487,628,0.09413881,5014,4509,0.89928201,161,0.032110092,344,0.068607898,4515,3961,0.877297896,124,0.027464009,430,0.095238095,6207,5569,0.897212824,204,0.032866119,434,0.069921057,5154,4220,0.818781529,109,0.021148622,825,0.160069849,5225,4293,0.821626794,88,0.016842105,844,0.1615311,6015,4994,0.830257689,145,0.024106401,876,0.14563591,5317,4455,0.837878503,124,0.023321422,738,0.138800075,5165,4441,0.85982575,184,0.035624395,540,0.104549855,5151,4518,0.877111241,109,0.02116094,524,0.10172782,6372,5351,0.839767734,539,0.084588826,482,0.07564344
95,7439,6258,0.841242102,496,0.066675628,685,0.092082269,8993,7237,0.804737018,618,0.068720116,1138,0.126542867,7216,5718,0.792405765,528,0.073170732,970,0.134423503,6855,5362,0.782202772,750,0.10940919,743,0.108388038,9089,7379,0.811860491,905,0.09957091,805,0.088568599,6502,5425,0.834358659,611,0.093971086,466,0.071670255,6586,5456,0.82842393,542,0.082295779,588,0.089280292,7499,6020,0.802773703,721,0.096146153,758,0.101080144,6501,5353,0.823411783,646,0.099369328,502,0.077218889,6413,5351,0.834398877,626,0.097614221,436,0.067986902,6542,5645,0.862885968,461,0.070467747,436,0.066646286,8404,7042,0.837934317,768,0.091385055,594,0.070680628
96,10178,8912,0.87561407,464,0.045588524,802,0.078797406,11934,10164,0.851684263,665,0.055723144,1105,0.092592593,9471,8241,0.87012987,490,0.051736881,740,0.078133249,8807,7415,0.841943908,406,0.046099693,986,0.111956398,12304,10431,0.847773082,837,0.068026658,1036,0.08420026,10085,8479,0.840753594,637,0.063163114,969,0.096083292,10283,8708,0.846834581,722,0.070212973,853,0.082952446,11599,9494,0.818518838,828,0.071385464,1277,0.110095698,10001,7920,0.791920808,871,0.087091291,1210,0.120987901,9533,7847,0.823140669,763,0.080037764,923,0.096821567,10007,8392,0.838612971,698,0.069751174,917,0.091635855,12167,10050,0.826004767,1565,0.128626613,552,0.04536862
97,5264,4861,0.923442249,197,0.037424012,206,0.039133739,6526,5946,0.911124732,239,0.03662274,341,0.052252528,5305,4882,0.920263902,192,0.036192271,231,0.043543827,4858,4525,0.931453273,178,0.036640593,155,0.031906134,6461,5959,0.922303049,289,0.044729918,213,0.032967033,5094,4481,0.879662348,345,0.067726737,268,0.052610915,5283,4699,0.889456748,278,0.052621617,306,0.057921635,5878,5291,0.900136101,285,0.04848588,302,0.05137802,5197,4635,0.891860689,246,0.047335001,316,0.06080431,5029,4515,0.897792802,325,0.064625174,189,0.037582024,4973,4520,0.908908104,221,0.044439976,232,0.04665192,6266,5466,0.872326843,597,0.095276093,203,0.032397064
98,4968,4430,0.891706924,447,0.089975845,91,0.01831723,6008,5302,0.882490013,506,0.084221039,200,0.033288948,4796,4339,0.90471226,290,0.060467056,167,0.034820684,4847,4439,0.915824221,306,0.063131834,102,0.021043945,6339,5827,0.919230162,333,0.052531945,179,0.028237892,4991,4472,0.896012823,407,0.081546784,112,0.022440393,5153,4753,0.922375315,293,0.056860082,107,0.020764603,5781,5395,0.933229545,231,0.039958485,155,0.02681197,4950,4585,0.926262626,241,0.048686869,124,0.025050505,5017,4688,0.934422962,219,0.043651585,110,0.021925453,4891,4623,0.945205479,137,0.028010632,131,0.026783889,5505,5082,0.923160763,340,0.061762035,83,0.015077203
99,9662,8427,0.872179673,509,0.052680604,726,0.075139723,11503,9697,0.842997479,679,0.05902808,1127,0.097974441,9348,8006,0.85643988,567,0.060654685,775,0.082905434,8769,7597,0.86634736,508,0.057931349,664,0.075721291,11929,10361,0.868555621,907,0.076033196,661,0.055411183,9234,7834,0.848386398,693,0.075048733,707,0.076564869,9471,7912,0.83539225,694,0.073276317,865,0.091331433,10747,9002,0.837629106,674,0.062715176,1071,0.099655718,9314,7720,0.828859781,596,0.063989693,998,0.107150526,9118,7652,0.839219127,735,0.080609783,731,0.08017109,9032,7639,0.845770593,694,0.07683791,699,0.077391497,11890,9820,0.825904121,1488,0.125147183,582,0.048948696
124,9398,6417,0.682804852,561,0.059693552,2420,0.257501596,11414,7450,0.652707202,701,0.061415805,3263,0.285876993,8825,5553,0.629235127,530,0.060056657,2742,0.310708215,8125,4957,0.610092308,572,0.0704,2596,0.319507692,10966,7089,0.646452672,713,0.06501915,3164,0.288528178,8786,5801,0.660254951,508,0.057819258,2477,0.281925791,8778,5497,0.626224653,461,0.052517658,2820,0.32125769,10031,6308,0.628850563,579,0.057721065,3144,0.313428372,8718,5506,0.631566873,669,0.076737784,2543,0.291695343,8662,6334,0.731239898,742,0.08566151,1586,0.183098592,8728,6207,0.711159487,696,0.079743355,1825,0.209097159,11294,8077,0.715158491,1826,0.161678767,1391,0.123162741
127,3913,3314,0.846920521,365,0.093278814,234,0.059800664,4733,3910,0.826114515,359,0.075850412,464,0.098035073,3730,2946,0.789812332,291,0.078016086,493,0.132171582,3588,2937,0.818561873,362,0.100891862,289,0.080546265,4810,3958,0.822869023,417,0.086694387,435,0.09043659,3675,2673,0.727346939,377,0.102585034,625,0.170068027,3643,2787,0.765028822,258,0.070820752,598,0.164150425,3851,2846,0.739028824,305,0.079200208,700,0.181770969,3548,2618,0.737880496,302,0.085118377,628,0.177001127,3442,2571,0.746949448,272,0.079023823,599,0.174026729,3638,2781,0.764431006,305,0.083837273,552,0.151731721,4415,3303,0.74813137,581,0.131596829,531,0.120271801
128,4089,3353,0.820004891,372,0.090975789,364,0.08901932,4957,4117,0.830542667,319,0.06435344,521,0.105103893,3969,3170,0.798689846,370,0.093222474,429,0.10808768,3717,3043,0.818670971,335,0.090126446,339,0.091202583,4991,4188,0.839110399,421,0.084351833,382,0.076537768,3800,2715,0.714473684,608,0.16,477,0.125526316,4100,3261,0.795365854,310,0.075609756,529,0.12902439,4457,3425,0.768454117,517,0.115997308,515,0.115548575,3966,2949,0.743570348,491,0.12380232,526,0.132627332,3825,2936,0.767581699,569,0.14875817,320,0.083660131,4012,3311,0.825274177,405,0.100947159,296,0.073778664,5012,4169,0.831803671,457,0.091181165,386,0.077015164
129,8011,6428,0.802396705,689,0.086006741,894,0.111596555,9744,7811,0.801621511,813,0.083435961,1120,0.114942529,7922,6639,0.838045948,632,0.079777834,651,0.082176218,7553,6274,0.830663313,709,0.093869985,570,0.075466702,10105,8513,0.842454231,815,0.080653142,777,0.076892627,7933,6544,0.82490861,564,0.071095424,825,0.103995966,8128,6670,0.820620079,609,0.074926181,849,0.10445374,9030,7443,0.824252492,653,0.072314507,934,0.103433001,7674,6165,0.803362002,610,0.079489184,899,0.117148814,7438,6238,0.838666308,550,0.073944609,650,0.087389083,7962,6635,0.833333333,588,0.073850791,739,0.092815875,10216,8403,0.822533281,939,0.091914644,874,0.085552075
130,6697,5631,0.84082425,424,0.063311931,642,0.09586382,8062,6389,0.792483255,433,0.053708757,1240,0.153807988,6128,5033,0.82131201,367,0.059889034,728,0.118798956,6014,4983,0.828566678,409,0.068007981,622,0.103425341,8045,6633,0.824487259,573,0.071224363,839,0.104288378,6203,4894,0.788973078,391,0.063034016,918,0.147992907,6484,5117,0.78917335,355,0.054750154,1012,0.156076496,6990,5469,0.782403433,501,0.07167382,1020,0.145922747,5891,4530,0.768969615,286,0.048548634,1075,0.182481752,5904,4957,0.839600271,320,0.054200542,627,0.106199187,6240,5135,0.822916667,331,0.053044872,774,0.124038462,7645,6320,0.826684107,511,0.066841073,814,0.10647482
131,5369,4692,0.873905755,443,0.08251071,234,0.043583535,6650,5641,0.848270677,541,0.081353383,468,0.07037594,5300,4630,0.873584906,384,0.07245283,286,0.053962264,5179,4467,0.862521722,418,0.080710562,294,0.056767716,6978,5888,0.843794784,662,0.09486959,428,0.061335626,5560,4844,0.871223022,538,0.09676259,178,0.032014388,5557,4795,0.862875652,587,0.105632536,175,0.031491812,6327,5522,0.872767504,473,0.074758969,332,0.052473526,5483,4737,0.863943097,545,0.09939814,201,0.036658763,5384,4703,0.873514116,480,0.089153046,201,0.037332838,5561,4781,0.859737457,588,0.105736378,192,0.034526164,6279,5342,0.850772416,798,0.127090301,139,0.022137283
132,3839,3254,0.847616567,212,0.055222714,373,0.097160719,4809,3858,0.802245789,255,0.053025577,696,0.144728634,3954,3242,0.819929186,180,0.04552352,532,0.134547294,3892,3345,0.859455293,203,0.052158273,344,0.088386434,4908,4185,0.852689487,245,0.0499185,478,0.097392013,3898,3235,0.829912776,253,0.06490508,410,0.105182145,3972,3216,0.809667674,292,0.073514602,464,0.116817724,4503,3583,0.795691761,392,0.087053076,528,0.117255163,3809,2813,0.738514046,376,0.098713573,620,0.162772381,3666,2856,0.779050736,397,0.108292417,413,0.112656847,3668,2926,0.797709924,298,0.081243184,444,0.121046892,4720,3613,0.765466102,437,0.092584746,670,0.141949153
133,436,414,0.949541284,16,0.036697248,6,0.013761468,525,493,0.939047619,30,0.057142857,2,0.003809524,423,402,0.95035461,21,0.04964539,0,0,417,415,0.995203837,0,0,2,0.004796163,550,537,0.976363636,6,0.010909091,7,0.012727273,427,424,0.992974239,1,0.00234192,2,0.004683841,448,433,0.966517857,4,0.008928571,11,0.024553571,508,495,0.974409449,5,0.00984252,8,0.015748031,413,398,0.963680387,12,0.02905569,3,0.007263923,423,406,0.959810875,11,0.026004728,6,0.014184397,426,407,0.955399061,11,0.025821596,8,0.018779343,394,385,0.97715736,7,0.017766497,2,0.005076142
139,4823,3854,0.799087705,396,0.082106573,573,0.118805723,5693,4629,0.813103812,475,0.083435798,589,0.10346039,4609,3932,0.853113474,283,0.061401606,394,0.085484921,4459,3833,0.859609778,300,0.067279659,326,0.073110563,5918,5002,0.845217979,482,0.081446435,434,0.073335586,4546,3893,0.856357237,175,0.038495381,478,0.105147382,4819,3960,0.82174725,208,0.043162482,651,0.135090268,5302,4578,0.863447756,135,0.02546209,589,0.111090155,4362,3691,0.846171481,154,0.035304906,517,0.118523613,4499,3953,0.878639698,178,0.039564348,368,0.081795955,4603,4062,0.882467956,215,0.046708668,326,0.070823376,5724,4868,0.850454228,518,0.090496157,338,0.059049616
150,270,249,0.922222222,0,0,21,0.077777778,318,285,0.896226415,0,0,33,0.103773585,256,240,0.9375,0,0,16,0.0625,253,231,0.913043478,0,0,22,0.086956522,342,312,0.912280702,0,0,30,0.087719298,267,257,0.962546816,0,0,10,0.037453184,274,255,0.930656934,0,0,19,0.069343066,305,287,0.940983607,0,0,18,0.059016393,255,247,0.968627451,0,0,8,0.031372549,262,255,0.973282443,0,0,7,0.026717557,263,246,0.935361217,0,0,17,0.064638783,314,300,0.955414013,0,0,14,0.044585987
2,9622,6347,0.659634172,411,0.042714612,2864,0.297651216,11587,7848,0.677310779,563,0.048588936,3176,0.274100285,9774,7368,0.75383671,800,0.081849806,1606,0.164313485,9688,7582,0.782617671,917,0.094653179,1189,0.122729149,12094,8918,0.737390442,973,0.080453117,2203,0.182156441,8994,6548,0.728040916,635,0.070602624,1811,0.20135646,9090,6530,0.718371837,662,0.072827283,1898,0.20880088,10832,7797,0.719811669,1045,0.096473412,1990,0.183714919,9401,7086,0.753749601,925,0.098393788,1390,0.147856611,9263,7159,0.772859765,990,0.106876822,1114,0.120263414,9276,7228,0.779215179,880,0.094868478,1168,0.125916343,11488,8236,0.716922006,1988,0.173050139,1264,0.110027855
4,6458,4461,0.690771137,324,0.050170331,1673,0.259058532,8050,5363,0.66621118,371,0.046086957,2316,0.287701863,6706,4675,0.697136892,406,0.060542797,1625,0.24232031,6650,4584,0.689323308,420,0.063157895,1646,0.247518797,8468,6054,0.714926783,710,0.083845064,1704,0.201228153,6698,4415,0.659151986,322,0.048074052,1961,0.292773962,7013,4792,0.683302438,422,0.060173963,1799,0.256523599,8456,5881,0.695482498,817,0.096617786,1758,0.207899716,6730,4711,0.7,715,0.106240713,1304,0.193759287,6920,5002,0.72283237,658,0.095086705,1260,0.182080925,6941,5042,0.726408299,548,0.07895116,1351,0.194640542,9404,7042,0.748830285,1364,0.145044662,998,0.106125053
16,18507,13656,0.737882963,1637,0.088453018,3214,0.173664019,22963,16193,0.705177895,1869,0.081391804,4901,0.213430301,18819,13642,0.72490568,1967,0.104522026,3210,0.170572294,17551,13125,0.747820637,1858,0.105862914,2568,0.146316449,21249,15297,0.719892701,2542,0.119629159,3410,0.16047814,18757,13058,0.696166764,1831,0.09761689,3868,0.206216346,19105,13863,0.725621565,1978,0.103533107,3264,0.170845328,23005,16733,0.727363617,2808,0.122060422,3464,0.150575962,18502,13430,0.725867474,2724,0.147227327,2348,0.126905199,18846,13724,0.72821819,2922,0.155046164,2200,0.116735647,18569,13823,0.744412731,2224,0.119769508,2522,0.135817761,23685,17382,0.733882204,3825,0.161494617,2478,0.104623179
18,37827,31143,0.823300817,3256,0.086076083,3428,0.0906231,45616,36067,0.790665556,3255,0.071356542,6294,0.137977902,35863,29564,0.824359368,3246,0.090511112,3053,0.085129521,34175,28142,0.823467447,3379,0.098873446,2654,0.077659108,44431,36491,0.821295942,4037,0.090859985,3903,0.087844073,38023,30257,0.795755201,2709,0.071246351,5057,0.132998448,38707,31715,0.819360839,3390,0.087581058,3602,0.093058103,46031,36670,0.796637049,4327,0.094001868,5034,0.109361083,36764,29854,0.812044391,4048,0.110107714,2862,0.077847895,37163,30304,0.815434707,4609,0.124021204,2250,0.06054409,38008,31546,0.829983161,4275,0.112476321,2187,0.057540518,46740,36733,0.785900727,7366,0.157595208,2641,0.056504065
22,16814,13286,0.790174854,1516,0.090162959,2012,0.119662186,20239,16040,0.792529275,1794,0.088640743,2405,0.118829982,16531,13050,0.789425927,1645,0.099510011,1836,0.111064061,15501,12488,0.805625444,1709,0.110250952,1304,0.084123605,20458,15898,0.777104311,3048,0.148988171,1512,0.073907518,15989,12313,0.770091938,2095,0.131027581,1581,0.09888048,16644,12733,0.765020428,2217,0.133201154,1694,0.101778419,19757,15457,0.782355621,2239,0.113326922,2061,0.104317457,15879,12177,0.766861893,2257,0.142137414,1445,0.091000693,16315,12747,0.781305547,2458,0.150658903,1110,0.06803555,16522,13064,0.790703305,2400,0.145260864,1058,0.064035831,20288,16449,0.810774842,2433,0.119923107,1406,0.06930205
23,36291,28181,0.776528616,2820,0.077705216,5290,0.145766168,43832,31843,0.726478372,3027,0.069059135,8962,0.204462493,34392,25518,0.741974878,3673,0.106798093,5201,0.15122703,33602,25177,0.749270877,3513,0.104547348,4912,0.146181775,43122,32019,0.742521219,4528,0.105004406,6575,0.152474375,35010,24535,0.700799771,2367,0.067609254,8108,0.231590974,36049,26130,0.724846736,2796,0.077561097,7123,0.197592166,42844,31856,0.743534684,4364,0.101857903,6624,0.154607413,34509,25515,0.739372338,4042,0.117128865,4952,0.143498797,35916,27267,0.759188106,4800,0.133645172,3849,0.107166722,36765,28034,0.7625187,3859,0.10496396,4872,0.13251734,45666,33979,0.744076556,7744,0.169579118,3943,0.086344326
26,23640,18133,0.767047377,1896,0.080203046,3611,0.152749577,28683,21463,0.748282955,1903,0.066345919,5317,0.185371126,18015,14023,0.778406883,1585,0.087982237,2407,0.13361088,15913,12458,0.78288192,1609,0.101112298,1846,0.116005781,21165,16346,0.772312781,1932,0.091282778,2887,0.136404441,21078,15288,0.725306006,1336,0.063383623,4454,0.211310371,22436,17024,0.758780531,1655,0.073765377,3757,0.167454092,25954,20201,0.778338599,1716,0.066116976,4037,0.155544425,21045,16561,0.786932763,1623,0.077120456,2861,0.135946781,21734,17375,0.799438668,2002,0.092113739,2357,0.108447594,23064,18189,0.788631634,1998,0.086628512,2877,0.124739854,26134,20082,0.768424275,2478,0.09481901,3574,0.136756715
32,21124,15131,0.716294262,1429,0.067648173,4564,0.216057565,25771,18156,0.704512824,1615,0.062667339,6000,0.232819836,20416,14681,0.719092868,1292,0.063283699,4443,0.217623433,18710,13282,0.709887761,1264,0.067557456,4164,0.222554784,24796,17550,0.707775448,1387,0.055936441,5859,0.236288111,19548,14138,0.723245345,1168,0.059750358,4242,0.217004297,21105,15488,0.733854537,1498,0.070978441,4119,0.195167022,23825,17186,0.721343127,2008,0.084281217,4631,0.194375656,19557,13771,0.704146853,1960,0.10021987,3826,0.195633277,20019,15535,0.776012788,2237,0.111743843,2247,0.112243369,20739,16261,0.784078307,1713,0.082598004,2765,0.13332369,25648,19207,0.748869308,4098,0.15977854,2343,0.091352152
35,1518,864,0.56916996,67,0.044137022,587,0.386693017,1968,1173,0.596036585,137,0.069613821,658,0.334349593,1548,985,0.63630491,156,0.100775194,407,0.262919897,1383,998,0.721619667,176,0.127259581,209,0.151120752,1847,1300,0.703844071,226,0.122360585,321,0.173795344,1385,850,0.613718412,47,0.033935018,488,0.35234657,1454,969,0.666437414,87,0.059834938,398,0.273727648,1289,825,0.640031032,76,0.058960434,388,0.301008534,1113,831,0.746630728,84,0.075471698,198,0.177897574,1172,798,0.680887372,53,0.045221843,321,0.273890785,1155,749,0.648484848,88,0.076190476,318,0.275324675,1541,1241,0.80532122,84,0.054510058,216,0.140168722
39,11110,8758,0.78829883,309,0.027812781,2043,0.183888389,13276,10195,0.767927086,425,0.032012654,2656,0.200060259,10670,9111,0.85388941,364,0.034114339,1195,0.111996251,10364,9083,0.876399074,335,0.032323427,946,0.091277499,13609,11695,0.859357778,392,0.028804468,1522,0.111837754,10607,7832,0.738380315,322,0.030357311,2453,0.231262374,10696,8136,0.76065819,401,0.037490651,2159,0.201851159,12919,10294,0.796810899,496,0.038393064,2129,0.164796037,10691,8828,0.825741278,465,0.043494528,1398,0.130764194,10987,9288,0.845362701,559,0.050878311,1140,0.103758988,11192,9276,0.82880629,636,0.056826305,1280,0.114367405,13400,10640,0.794029851,506,0.037761194,2254,0.168208955
47,19594,13511,0.689547821,960,0.04899459,5123,0.261457589,22733,14354,0.631416883,1066,0.046892183,7313,0.321690934,20825,14663,0.704105642,1345,0.064585834,4817,0.231308523,20388,13783,0.676034923,1264,0.061997253,5341,0.261967824,26621,18230,0.684797716,1552,0.058299838,6839,0.256902445,18965,12087,0.637331927,1037,0.054679673,5841,0.3079884,18330,11933,0.651009274,1115,0.060829242,5282,0.288161484,23211,15801,0.680754815,2011,0.086639955,5399,0.23260523,18591,12855,0.691463611,1763,0.094830832,3973,0.213705556,17834,12701,0.712178984,1760,0.0986879,3373,0.189133117,18050,12809,0.709639889,1470,0.081440443,3771,0.208919668,23189,16792,0.724136444,2849,0.122859977,3548,0.153003579
53,10288,8901,0.865182737,519,0.050447123,868,0.08437014,12604,10668,0.846397969,571,0.045303078,1365,0.108298953,10203,9049,0.886896011,693,0.0679212,461,0.045182789,9716,8638,0.889048991,582,0.059901194,496,0.051049815,12771,11496,0.900164435,583,0.045650301,692,0.054185263,10386,8859,0.852975159,566,0.054496438,961,0.092528404,10453,9019,0.862814503,483,0.046206831,951,0.090978666,12619,10912,0.864727791,717,0.056819082,990,0.078453126,10102,8751,0.866264106,693,0.068600277,658,0.065135617,10521,9235,0.877768273,765,0.072711719,521,0.049520008,10224,8919,0.872359155,677,0.066216745,628,0.0614241,12809,11057,0.863221173,1068,0.083378874,684,0.053399953
55,19463,14894,0.765246879,2377,0.122129168,2192,0.112623953,23007,17351,0.754161777,2907,0.126352849,2749,0.119485374,18705,14007,0.748837209,2391,0.127826784,2307,0.123336006,18198,13617,0.748269041,2482,0.136388614,2099,0.115342345,23834,18039,0.756859948,3269,0.137157003,2526,0.105983049,18850,14118,0.748965517,2364,0.125411141,2368,0.125623342,19344,14365,0.742607527,2582,0.133478081,2397,0.123914392,22201,17562,0.791045448,1931,0.086978064,2708,0.121976488,18484,14307,0.774020775,1654,0.089482796,2523,0.136496429,18623,14972,0.803952102,2144,0.115126457,1507,0.080921441,18814,15528,0.82534283,1885,0.100191347,1401,0.074465823,22615,17518,0.774618616,3050,0.134866239,2047,0.090515145
56,12865,11192,0.869957248,965,0.075009716,708,0.055033035,16039,13623,0.849367168,1244,0.077560945,1172,0.073071887,12630,10777,0.853285827,906,0.071733967,947,0.074980206,11729,9920,0.845766903,1096,0.093443601,713,0.060789496,14928,12091,0.809954448,1383,0.092644695,1454,0.097400857,13021,10822,0.831118962,1160,0.08908686,1039,0.079794179,13072,10780,0.824663403,1143,0.0874388,1149,0.087897797,15972,13293,0.832268971,1557,0.097483095,1122,0.070247934,12173,10390,0.8535283,1169,0.096032202,614,0.050439497,12768,10764,0.843045113,1296,0.101503759,708,0.055451128,13172,11245,0.853704828,1343,0.1019587,584,0.044336471,17059,14147,0.829298318,2191,0.128436602,721,0.04226508
57,15653,10639,0.679678017,1442,0.092122916,3572,0.228199067,19340,12434,0.642916236,1633,0.084436401,5273,0.272647363,16113,11387,0.706696456,1332,0.08266617,3394,0.210637374,15328,10979,0.716270877,1323,0.08631263,3026,0.197416493,19917,14320,0.718983783,1805,0.090626098,3792,0.190390119,15447,11031,0.714119246,1023,0.066226452,3393,0.219654302,15715,11307,0.719503659,1089,0.06929685,3319,0.211199491,19030,13719,0.720914346,1595,0.083815029,3716,0.195270625,15559,11141,0.716048589,1711,0.109968507,2707,0.173982904,15941,11357,0.712439621,1573,0.098676369,3011,0.18888401,14951,11335,0.758143268,1447,0.096782824,2169,0.145073908,19262,13971,0.72531409,2785,0.144585194,2506,0.130100716
61,15765,12258,0.777545195,1025,0.065017444,2482,0.157437361,19462,14593,0.749820162,1195,0.061401706,3674,0.188778132,13710,10089,0.735886214,1116,0.081400438,2505,0.182713348,13407,10585,0.789512941,1053,0.078541061,1769,0.131945998,18669,14685,0.786598104,1317,0.070544753,2667,0.142857143,14824,11031,0.744131139,835,0.056327577,2958,0.199541284,15130,11544,0.762987442,1049,0.069332452,2537,0.167680106,18184,13686,0.752639683,1653,0.090904092,2845,0.156456225,15253,12007,0.787189405,1334,0.087458205,1912,0.12535239,15666,12826,0.81871569,1549,0.098876548,1291,0.082407762,16429,13119,0.798526995,1604,0.097632236,1706,0.103840769,21531,16550,0.768659143,3373,0.156657842,1608,0.074683015
62,746,551,0.738605898,53,0.071045576,142,0.190348525,849,593,0.698468787,39,0.045936396,217,0.255594817,665,468,0.703759398,62,0.093233083,135,0.203007519,601,411,0.683860233,85,0.141430948,105,0.174708819,834,623,0.747002398,121,0.145083933,90,0.107913669,627,420,0.669856459,58,0.092503987,149,0.237639553,653,461,0.705972435,71,0.108728943,121,0.185298622,799,582,0.728410513,61,0.076345432,156,0.195244055,653,460,0.704441041,81,0.124042879,112,0.17151608,663,461,0.695324284,141,0.212669683,61,0.092006033,721,484,0.671289875,143,0.198335645,94,0.13037448,774,541,0.698966408,153,0.197674419,80,0.103359173
77,5532,4587,0.829175705,312,0.056399132,633,0.114425163,7015,5474,0.780327869,377,0.053741981,1164,0.16593015,5518,4543,0.823305545,366,0.06632838,609,0.110366075,5355,4327,0.808029879,512,0.095611578,516,0.096358543,6978,5689,0.815276584,818,0.117225566,471,0.06749785,5789,4537,0.78372776,717,0.123855588,535,0.092416652,5716,4547,0.795486354,636,0.11126662,533,0.093247026,7014,5505,0.784858854,985,0.140433419,524,0.074707727,5786,4481,0.774455582,805,0.139128932,500,0.086415486,6019,4689,0.779033062,1072,0.178102675,258,0.042864263,6016,4740,0.787898936,948,0.157579787,328,0.054521277,7709,6172,0.800622649,1095,0.142041769,442,0.057335582
80,1599,1292,0.808005003,162,0.101313321,145,0.090681676,1852,1474,0.795896328,154,0.083153348,224,0.120950324,1394,1126,0.807747489,141,0.101147776,127,0.091104735,1371,1185,0.864332604,117,0.085339168,69,0.050328228,1822,1273,0.698682766,416,0.228320527,133,0.072996707,1449,1050,0.724637681,284,0.195997239,115,0.079365079,1505,1067,0.7089701,246,0.16345515,192,0.127574751,1606,1063,0.661892902,276,0.171855542,267,0.166251557,1402,924,0.659058488,303,0.216119829,175,0.124821683,1467,968,0.659850034,379,0.258350375,120,0.081799591,1587,1125,0.708884688,334,0.210459987,128,0.080655325,2033,1510,0.742744712,285,0.140186916,238,0.117068372
89,9187,6176,0.672254272,613,0.06672472,2398,0.261021008,11199,7856,0.701491205,547,0.048843647,2796,0.249665149,8078,6176,0.76454568,393,0.048650656,1509,0.186803664,7766,5974,0.769250579,334,0.043007984,1458,0.187741437,10224,7939,0.77650626,441,0.043133803,1844,0.180359937,8162,5729,0.701911296,308,0.037735849,2125,0.260352855,8226,5655,0.687454413,353,0.042912716,2218,0.269632871,9878,6494,0.65742053,754,0.076331241,2630,0.266248228,8359,5958,0.712764685,632,0.07560713,1769,0.211628185,8526,6207,0.728008445,849,0.099577762,1470,0.172413793,9004,6439,0.71512661,798,0.088627277,1767,0.196246113,10850,7580,0.698617512,1223,0.112718894,2047,0.188663594
BSO,7357,5682,0.772325676,1507,0.204838929,168,0.022835395,9070,7281,0.80275634,1576,0.173759647,213,0.023484013,7434,6538,0.879472693,556,0.074791499,340,0.045735808,7020,6132,0.873504274,529,0.075356125,359,0.051139601,9061,7869,0.868447191,664,0.073281095,528,0.058271714,7127,6535,0.916935597,377,0.052897432,215,0.030166971,7423,6771,0.912164893,421,0.056715614,231,0.031119493,8059,7405,0.918848492,467,0.057947636,187,0.023203871,6161,5578,0.905372504,359,0.058269761,224,0.036357734,7443,6301,0.846567244,909,0.122128174,233,0.031304581,7735,6781,0.876664512,761,0.098383969,193,0.024951519,7390,6530,0.883626522,296,0.040054127,564,0.07631935
H ,12800,9808,0.76625,1432,0.111875,1560,0.121875,16672,13373,0.802123321,1579,0.094709693,1720,0.103166987,12298,10062,0.818181818,1121,0.091153033,1115,0.090665149,11531,9270,0.803919868,1019,0.08837048,1242,0.107709652,15255,12113,0.794034743,1485,0.097345133,1657,0.108620125,13305,10380,0.780157835,880,0.066140549,2045,0.153701616,13704,10681,0.779407472,996,0.07267951,2027,0.147913018,16024,12326,0.769221168,1326,0.082750874,2372,0.148027958,13137,10029,0.763416305,803,0.061125067,2305,0.175458628,13254,10407,0.785196922,1434,0.108193753,1413,0.106609325,14550,11723,0.805704467,1683,0.115670103,1144,0.07862543,18090,14039,0.776064124,2468,0.136428966,1583,0.08750691
L,28567,25201,0.882171737,1212,0.042426576,2154,0.075401687,35227,30371,0.862151191,1408,0.039969342,3448,0.097879467,27536,24117,0.87583527,1207,0.043833527,2212,0.080331203,26314,22920,0.871019229,1395,0.053013605,1999,0.075967166,34847,30745,0.882285419,1784,0.051195225,2318,0.066519356,28247,23259,0.823414876,1122,0.039721032,3866,0.136864092,28749,23330,0.811506487,1064,0.037009983,4355,0.15148353,33981,28369,0.834848886,1919,0.056472735,3693,0.108678379,28141,23343,0.829501439,1847,0.065633773,2951,0.104864788,28336,24342,0.85904856,2296,0.081027668,1698,0.059923772,28774,25222,0.876555223,2011,0.069889484,1541,0.053555293,35955,30158,0.838770686,4442,0.123543318,1355,0.037685996
XH,16472,13007,0.789643031,1584,0.096163186,1881,0.114193783,20406,16279,0.797755562,1517,0.07434088,2610,0.127903558,14977,12194,0.814181745,1160,0.077452093,1623,0.108366161,13769,10858,0.788583049,1251,0.090856271,1660,0.12056068,18302,14376,0.785487925,1513,0.082668561,2413,0.131843514,16710,12745,0.762716936,1032,0.061759425,2933,0.175523639,17086,13329,0.780112373,1386,0.081119045,2371,0.138768582,20350,15547,0.763980344,1768,0.086879607,3035,0.149140049,16577,12292,0.74150932,1275,0.076913796,3010,0.181576884,16526,12738,0.770785429,1893,0.114546775,1895,0.114667796,17650,14079,0.797677054,1983,0.112351275,1588,0.089971671,21873,17249,0.788597815,2757,0.12604581,1867,0.085356375
2,9259,6275,0.677718976,578,0.062425748,2406,0.259855276,11481,8133,0.708387771,798,0.069506141,2550,0.222106088,8421,5900,0.700629379,743,0.088231801,1778,0.21113882,7840,5607,0.715178571,850,0.108418367,1383,0.176403061,9793,6719,0.686102318,920,0.093944654,2154,0.219953028,8759,6460,0.737527115,559,0.063820071,1740,0.198652814,9143,6766,0.740019687,739,0.080826862,1638,0.179153451,11108,8330,0.749909975,1188,0.106949946,1590,0.143140079,9218,7026,0.762204383,1050,0.113907572,1142,0.123888045,8901,6902,0.775418492,1016,0.114144478,983,0.11043703,9246,7196,0.778282501,1022,0.110534285,1028,0.111183214,11071,8016,0.724053834,1694,0.153012375,1361,0.122933791
4,11828,8184,0.691917484,978,0.082685154,2666,0.225397362,14854,9930,0.6685068,1255,0.084489027,3669,0.247004174,12738,8948,0.702465065,1096,0.086041765,2694,0.21149317,11979,8440,0.704566324,1287,0.107438017,2252,0.187995659,15483,11061,0.714396435,1558,0.100626494,2864,0.184977072,12189,8606,0.706046435,960,0.078759537,2623,0.215194027,12490,8999,0.720496397,1021,0.081745396,2470,0.197758207,14936,10716,0.717461168,1696,0.113551152,2524,0.168987681,11966,8626,0.720875815,1616,0.135049306,1724,0.144074879,12344,9088,0.736228127,1650,0.133668179,1606,0.130103694,12209,9332,0.764354165,1351,0.110656073,1526,0.124989762,14306,10438,0.729623934,2427,0.169649098,1441,0.100726968
7,14939,10987,0.735457527,934,0.062520918,3018,0.202021554,17804,12331,0.692597169,1098,0.061671534,4375,0.245731296,15494,11631,0.750677682,1463,0.094423648,2400,0.15489867,14542,10926,0.751340943,1516,0.104249759,2100,0.144409297,18769,13366,0.712131707,1922,0.102402898,3481,0.185465395,14616,10717,0.733237548,902,0.061713191,2997,0.205049261,15254,11238,0.736724793,803,0.05264193,3213,0.210633277,17899,13169,0.735739427,1400,0.07821666,3330,0.186043913,15380,11120,0.723016905,1476,0.095968791,2784,0.181014304,15203,11347,0.746365849,1645,0.108202328,2211,0.145431823,15004,11261,0.750533191,1853,0.1235004,1890,0.125966409,18492,13777,0.745024876,3201,0.173101882,1514,0.081873242
12,12664,9336,0.737207833,1724,0.136133923,1604,0.126658244,16365,12448,0.760647724,1833,0.112007333,2084,0.127344943,13137,9997,0.760980437,1663,0.126589023,1477,0.11243054,11684,8972,0.76788771,1559,0.133430332,1153,0.098681958,15988,12643,0.790780585,1858,0.116212159,1487,0.093007255,13005,10888,0.837216455,770,0.059207997,1347,0.103575548,12806,10523,0.821724192,917,0.071607059,1366,0.106668749,14981,12152,0.811160804,1118,0.074627862,1711,0.114211334,13355,10905,0.816548109,1201,0.089928866,1249,0.093523025,13000,10799,0.830692308,1355,0.104230769,846,0.065076923,13440,11447,0.85171131,1099,0.081770833,894,0.066517857,16643,13465,0.809048849,2386,0.143363576,792,0.047587574
17,18642,14861,0.797178414,1207,0.064746272,2574,0.138075314,19922,14786,0.742194559,1127,0.056570625,4009,0.201234816,17892,13776,0.769953052,1122,0.062709591,2994,0.167337357,18046,14181,0.785825114,1653,0.091599246,2212,0.12257564,23775,19089,0.802902208,1841,0.07743428,2845,0.119663512,19199,15154,0.789311943,1293,0.067347258,2752,0.143340799,19104,15173,0.794231575,1229,0.064332077,2702,0.141436348,23125,18729,0.809902703,1925,0.083243243,2471,0.106854054,0,0,0,0,0,0,0,18927,15305,0.80863317,1489,0.078670682,2133,0.112696148,18995,15775,0.830481706,1379,0.072598052,1841,0.096920242,25943,20088,0.774312917,3947,0.152141233,1908,0.073545851
23,0,0,0,0,0,0,0,0,0,0,0,0,0,0,0,0,0,0,0,0,0,0,0,0,0,0,0,0,0,0,0,0,0,0,0,0,0,0,0,0,0,0,0,0,0,0,0,0,0,0,0,0,0,0,0,0,19360,14929,0.771126033,1550,0.080061983,2881,0.148811983,0,0,0,0,0,0,0,0,0,0,0,0,0,0,0,0,0,0,0,0,0
29,16176,14653,0.90584817,505,0.03121909,1018,0.06293274,20597,18160,0.881681798,886,0.043015973,1551,0.075302228,18087,15461,0.854812849,489,0.027035993,2137,0.118151158,17156,14522,0.846467708,461,0.026871066,2173,0.126661226,22943,19027,0.829316131,594,0.02589025,3322,0.144793619,19635,17534,0.892997199,631,0.032136491,1470,0.07486631,19430,16779,0.863561503,745,0.038342769,1906,0.098095728,23157,20318,0.877402081,1052,0.045429028,1787,0.077168891,18060,15129,0.837707641,693,0.038372093,2238,0.123920266,18304,16204,0.885270979,806,0.044034091,1294,0.07069493,18336,16004,0.872818499,1069,0.058300611,1263,0.06888089,22028,18350,0.833030688,987,0.04480661,2691,0.122162702
37,20929,17576,0.839791677,1375,0.065698313,1978,0.09451001,25230,20677,0.81954023,1526,0.060483551,3027,0.119976219,21243,17272,0.813067834,1305,0.061432001,2666,0.125500165,19235,15214,0.79095399,1736,0.090252145,2285,0.118793865,24884,19739,0.793240637,2138,0.085918663,3007,0.120840701,20168,16215,0.80399643,1680,0.083300278,2273,0.112703292,19962,15676,0.785292055,1664,0.083358381,2622,0.131349564,22890,18124,0.791786806,1943,0.084884229,2823,0.123328965,19965,15873,0.795041322,2189,0.109641873,1903,0.095316804,19470,15985,0.821006677,1912,0.098202363,1573,0.08079096,19917,16382,0.822513431,2029,0.101872772,1506,0.075613797,25425,20584,0.809596853,3202,0.125939036,1639,0.06446411
45,17118,14513,0.847821007,569,0.033239864,2036,0.118939128,21224,17738,0.835751979,536,0.025254429,2950,0.138993592,18024,14794,0.820794496,364,0.020195295,2866,0.159010209,16787,14251,0.84893072,412,0.024542801,2124,0.126526479,22129,19297,0.872023137,600,0.027113742,2232,0.100863121,17456,14719,0.843205775,205,0.011743813,2532,0.145050412,17203,14394,0.836714527,257,0.014939255,2552,0.148346219,20748,17345,0.835984191,552,0.026604974,2851,0.137410835,17086,14363,0.840629755,576,0.033711811,2147,0.125658434,17434,14991,0.859871515,509,0.029195824,1934,0.11093266,16840,14346,0.851900238,493,0.029275534,2001,0.118824228,20015,17404,0.869547839,1254,0.06265301,1357,0.067799151
47,28733,19437,0.676469565,1398,0.048654857,7898,0.274875579,33775,21705,0.642635085,1426,0.042220577,10644,0.315144338,25832,18229,0.705675132,1593,0.061667699,6010,0.232657169,23548,15828,0.672158994,1512,0.064209275,6208,0.263631731,31277,21615,0.691082904,2377,0.075998337,7285,0.232918758,29097,18144,0.62356944,1379,0.047393202,9574,0.329037358,28013,18316,0.653839289,1525,0.05443901,8172,0.291721701,34853,23848,0.684245259,2192,0.062892721,8813,0.25286202,27532,18784,0.682260642,2120,0.077001308,6628,0.24073805,26905,19388,0.720609552,2331,0.086638171,5186,0.192752277,26696,19415,0.727262511,2066,0.077389871,5215,0.195347618,30646,21527,0.702440775,3959,0.129184885,5160,0.168374339
57,20623,15057,0.730107162,1536,0.07447995,4030,0.195412889,24171,16088,0.665590997,1487,0.061520003,6596,0.272888999,18476,13340,0.722017753,1841,0.09964278,3295,0.178339467,16381,11813,0.721140346,1667,0.101764239,2901,0.177095415,21716,15898,0.732086941,2668,0.122858722,3150,0.145054338,20089,14069,0.700333516,1819,0.090547066,4201,0.209119419,20571,14210,0.69077828,2036,0.098974284,4325,0.210247436,24387,17252,0.707426088,2598,0.106532169,4537,0.186041744,19433,13937,0.717182113,2176,0.111974476,3320,0.170843411,19814,13990,0.706066418,2498,0.126072474,3326,0.167861108,18958,14331,0.75593417,2330,0.12290326,2297,0.12116257,21338,15030,0.704377167,3732,0.174899241,2576,0.120723592
64,18442,14590,0.791128945,1584,0.085890901,2268,0.122980154,22049,16321,0.740214976,1682,0.076284639,4046,0.183500386,18202,13617,0.748104604,1945,0.106856389,2640,0.145039007,16402,12112,0.738446531,1743,0.106267528,2547,0.155285941,21038,15931,0.757248788,2402,0.114174351,2705,0.128576861,17692,13826,0.781483156,927,0.052396563,2939,0.16612028,18415,14367,0.780179202,1308,0.071029052,2740,0.148791746,21280,16168,0.759774436,1564,0.073496241,3548,0.166729323,17878,13768,0.770108513,2388,0.133571988,1722,0.096319499,17443,13434,0.770165683,2513,0.144069254,1496,0.085765063,17927,14119,0.787582975,1662,0.092709321,2146,0.119707703,22271,17337,0.778456288,2573,0.115531409,2361,0.106012303
68,9956,8255,0.829148252,1039,0.10435918,662,0.066492567,11902,9867,0.829020333,1040,0.087380272,995,0.083599395,10070,8181,0.812413108,1183,0.117477656,706,0.070109235,8905,6957,0.781246491,1125,0.12633352,823,0.092419989,11655,9247,0.793393393,1638,0.140540541,770,0.066066066,9155,7395,0.807755325,1234,0.134789732,526,0.057454943,9836,7941,0.807340382,1205,0.12250915,690,0.070150468,10901,8927,0.818915696,1241,0.113842767,733,0.067241537,9460,7438,0.786257928,1061,0.112156448,961,0.101585624,9098,7225,0.794130578,1466,0.161134315,407,0.044735107,9674,7821,0.808455654,1433,0.148129006,420,0.04341534,11509,9655,0.83890868,1500,0.130332783,354,0.030758537
79,7916,7655,0.967028802,91,0.011495705,170,0.021475493,8958,8395,0.93715115,126,0.01406564,437,0.048783211,9157,8642,0.943758873,71,0.007753631,444,0.048487496,8409,8035,0.955523844,96,0.01141634,278,0.033059817,11058,10536,0.952794357,130,0.011756195,392,0.035449448,9155,8570,0.936100492,103,0.011250683,482,0.052648826,9144,8670,0.94816273,78,0.008530184,396,0.043307087,11297,10740,0.950694875,145,0.012835266,412,0.036469859,8994,8501,0.945185679,152,0.016900156,341,0.037914165,9210,8743,0.949294245,168,0.018241042,299,0.032464712,9065,8592,0.947821291,235,0.025923883,238,0.026254826,11076,10492,0.947273384,356,0.032141567,228,0.020585049
108,0,0,0,0,0,0,0,0,0,0,0,0,0,0,0,0,0,0,0,0,0,0,0,0,0,0,0,0,0,0,0,0,0,0,0,0,0,0,0,0,0,0,0,0,0,0,0,0,0,0,0,0,0,0,0,0,0,0,0,0,0,0,0,0,0,0,0,0,0,0,0,0,0,0,0,0,0,0,0,0,0,0,0,0
47M,3202,2288,0.714553404,179,0.055902561,735,0.229544035,3898,2392,0.613648025,218,0.055926116,1288,0.330425859,3378,2352,0.696269982,203,0.060094731,823,0.243635287,3056,1985,0.649541885,165,0.053992147,906,0.296465969,4115,2625,0.637910085,196,0.04763062,1294,0.314459295,3275,2278,0.695572519,137,0.041832061,860,0.26259542,3214,2355,0.732731798,125,0.038892346,734,0.228375856,3996,2857,0.714964965,321,0.08033033,818,0.204704705,3357,2405,0.716413464,226,0.067322014,726,0.216264522,3032,2338,0.771108179,190,0.062664908,504,0.166226913,2828,2172,0.768033946,121,0.042786421,535,0.189179632,3634,2496,0.68684645,303,0.083379196,835,0.229774353
BSO,10778,9168,0.850621637,1261,0.116997588,349,0.032380776,13274,11018,0.830043694,1737,0.130857315,519,0.039098991,11345,9677,0.852974879,859,0.075716175,809,0.071308947,10728,9262,0.863348248,615,0.057326622,851,0.07932513,13992,12376,0.884505432,556,0.039736993,1060,0.075757576,10888,9491,0.871693608,642,0.058963997,755,0.069342395,11672,10597,0.907899246,559,0.047892392,516,0.044208362,13404,11975,0.893390033,781,0.058266189,648,0.048343778,10391,8991,0.86526802,780,0.07506496,620,0.05966702,10308,9161,0.888727202,792,0.076833527,355,0.03443927,10928,9695,0.887170571,897,0.082082723,336,0.030746706,10728,8912,0.830723341,1412,0.131618195,404,0.037658464
G,42826,32175,0.751295942,5947,0.138864241,4704,0.109839817,52982,38802,0.732361934,7155,0.135045865,7025,0.132592201,39075,28105,0.719257837,6020,0.1540627,4950,0.126679463,35326,25201,0.71338391,5598,0.158466852,4527,0.128149239,45967,32319,0.703091348,7411,0.161224357,6237,0.135684295,44079,31732,0.71988929,5700,0.129313278,6647,0.150797432,44445,32783,0.73760828,5312,0.119518506,6350,0.142873214,52865,41638,0.787628866,4578,0.086597938,6649,0.125773196,41809,32644,0.780788825,4205,0.100576431,4960,0.118634744,42647,34069,0.798860412,4667,0.109433254,3911,0.091706333,43335,34527,0.796746279,4497,0.103772932,4311,0.099480789,52027,39609,0.76131624,6793,0.130566821,5625,0.108116939
103,6825,6309,0.924395604,256,0.037509158,260,0.038095238,8044,7187,0.893460965,326,0.040527101,531,0.066011934,5762,5163,0.896043041,204,0.035404373,395,0.068552586,5073,4394,0.866154149,317,0.06248768,362,0.071358171,6876,6096,0.886561955,538,0.078243165,242,0.035194881,4999,4242,0.848569714,270,0.054010802,487,0.097419484,5908,5190,0.878469871,358,0.060595802,360,0.060934326,6619,5797,0.875812056,418,0.063151533,404,0.06103641,5439,4820,0.886192315,367,0.067475639,252,0.046332046,5333,4942,0.926682918,221,0.04144009,170,0.031876992,5969,5526,0.925783213,217,0.036354498,226,0.037862288,8006,7049,0.880464652,596,0.074444167,361,0.045091182
104,13621,10938,0.803024741,1386,0.101754644,1297,0.095220615,17798,14132,0.7940218,1878,0.105517474,1788,0.100460726,13222,10216,0.772651641,1692,0.127968537,1314,0.099379822,14084,10990,0.780318091,1888,0.134052826,1206,0.085629083,18306,14604,0.797771223,2122,0.115918278,1580,0.086310499,14439,11543,0.799432094,1208,0.083662303,1688,0.116905603,14767,11840,0.80178777,1354,0.091690932,1573,0.106521297,17117,13448,0.785651691,2000,0.116842905,1669,0.097505404,14466,10838,0.749205032,2077,0.143578045,1551,0.107216922,14500,11660,0.804137931,2037,0.140482759,803,0.05537931,15049,12574,0.835537245,1619,0.107581899,856,0.056880856,18477,14143,0.765438112,3461,0.187313958,873,0.04724793
105,5019,4148,0.826459454,145,0.028890217,726,0.144650329,6369,5137,0.80656304,179,0.028104883,1053,0.165332077,5010,4247,0.847704591,109,0.021756487,654,0.130538922,4861,4230,0.870191319,118,0.024274841,513,0.105533841,6629,5821,0.878111329,186,0.028058531,622,0.09383014,5210,4299,0.825143954,60,0.011516315,851,0.163339731,5871,4956,0.844149208,151,0.025719639,764,0.130131153,6412,5351,0.834529008,95,0.01481597,966,0.150655022,4998,4178,0.835934374,116,0.023209284,704,0.140856343,5099,4470,0.876642479,82,0.016081585,547,0.107275936,5728,4715,0.823149441,97,0.016934358,916,0.159916201,7847,6632,0.845163757,268,0.03415318,947,0.120683064
106,3851,3069,0.796935861,213,0.055310309,569,0.14775383,4675,3674,0.785882353,178,0.038074866,823,0.176042781,3650,3014,0.825753425,199,0.054520548,437,0.119726027,3983,3081,0.773537535,419,0.105197088,483,0.121265378,5483,4451,0.811781871,336,0.061280321,696,0.126937808,4309,3360,0.779763286,136,0.031561847,813,0.188674867,4774,3767,0.789065773,175,0.036656891,832,0.174277336,5049,3619,0.716775599,188,0.037235096,1242,0.245989305,4231,3162,0.747341054,327,0.077286693,742,0.175372252,4317,3526,0.816770906,266,0.061616864,525,0.121612231,4673,4005,0.857051145,227,0.048576931,441,0.094371924,5815,4717,0.811177988,734,0.126225279,364,0.062596733
107,5510,4358,0.79092559,329,0.059709619,823,0.149364791,6984,5126,0.733963345,340,0.048682703,1518,0.217353952,5088,3890,0.764544025,313,0.061517296,885,0.173938679,4401,3348,0.760736196,324,0.073619632,729,0.165644172,6344,5006,0.789092055,436,0.068726356,902,0.142181589,4645,3600,0.775026911,393,0.084607104,652,0.140365985,4829,3531,0.731207289,463,0.095879064,835,0.172913647,5713,3920,0.686154385,590,0.103273236,1203,0.210572379,4880,3275,0.671106557,552,0.113114754,1053,0.215778689,4382,3350,0.7644911,615,0.140346874,417,0.095162026,5027,4026,0.800875274,578,0.114979113,423,0.084145614,7222,5665,0.784408751,1127,0.156050955,430,0.059540294
108,23684,19664,0.830265158,1777,0.075029556,2243,0.094705286,29975,24027,0.801567973,2064,0.068857381,3884,0.129574646,22903,18723,0.817491158,1605,0.070078156,2575,0.112430686,22421,18228,0.812987824,1511,0.067392177,2682,0.119619999,30119,24189,0.803114313,2022,0.067133703,3908,0.129751984,23707,19719,0.831779643,1708,0.072046231,2280,0.096174126,23635,19083,0.807404273,1917,0.081108525,2635,0.111487201,26690,21308,0.798351442,2078,0.077856875,3304,0.123791682,22389,17911,0.799991067,1849,0.082585198,2629,0.117423735,22898,18970,0.828456634,2036,0.088916063,1892,0.082627304,24278,21006,0.865227778,1575,0.064873548,1697,0.069898674,30698,25701,0.837220666,2592,0.084435468,2405,0.078343866
109,23372,20466,0.875663187,655,0.028024987,2251,0.096311826,29078,24215,0.832760162,590,0.020290254,4273,0.146949584,20193,16887,0.836279899,573,0.02837617,2733,0.135343931,19705,16557,0.840243593,636,0.032276072,2512,0.127480335,26314,22481,0.854336095,866,0.032910238,2967,0.112753667,20855,16026,0.768448813,408,0.019563654,4421,0.211987533,22677,17382,0.766503506,485,0.021387309,4810,0.212109186,25302,19627,0.77570943,538,0.021263141,5137,0.203027429,20410,15580,0.763351298,538,0.026359628,4292,0.210289074,20454,17463,0.853769434,715,0.034956488,2276,0.111274078,20928,18118,0.865730122,499,0.023843654,2311,0.110426223,29481,25127,0.852311658,1789,0.060683152,2565,0.08700519
110,9253,7796,0.842537555,534,0.057711013,923,0.099751432,11838,9519,0.804105423,584,0.049332658,1735,0.146561919,8524,6873,0.806311591,482,0.056546222,1169,0.137142187,8415,6618,0.786452763,665,0.07902555,1132,0.134521687,10966,8757,0.798559183,935,0.085263542,1274,0.116177275,8747,7297,0.834228878,626,0.071567395,824,0.094203727,8750,7126,0.8144,648,0.074057143,976,0.111542857,9713,7744,0.797281993,815,0.083908164,1154,0.118809842,8590,6637,0.772642608,797,0.092782305,1156,0.134575087,8461,6934,0.819524879,926,0.109443328,601,0.071031793,9515,8076,0.848765108,886,0.093116132,553,0.05811876,12971,10791,0.831932773,1415,0.109089507,765,0.05897772
111,7459,5949,0.797559995,601,0.080573803,909,0.121866202,9398,7434,0.791019366,691,0.073526282,1273,0.135454352,6914,5294,0.765692797,603,0.087214348,1017,0.147092855,7378,5744,0.778530767,744,0.100840336,890,0.120628897,9993,7709,0.771440008,1062,0.106274392,1222,0.1222856,8256,6532,0.791182171,386,0.046753876,1338,0.162063953,8199,6447,0.786315404,366,0.04463959,1386,0.169045005,8266,6487,0.784781031,547,0.066174692,1232,0.149044278,6795,5369,0.790139809,642,0.094481236,784,0.115378955,6787,5553,0.818181818,703,0.103580374,531,0.078237808,7914,6629,0.837629517,861,0.108794541,424,0.053575941,10122,8180,0.808140684,1576,0.155700454,366,0.036158862
112,4249,3787,0.891268534,220,0.051776889,242,0.056954578,5288,4700,0.888804841,306,0.057866868,282,0.05332829,3660,3207,0.876229508,237,0.064754098,216,0.059016393,3773,3337,0.884442089,275,0.072886297,161,0.042671614,5074,4532,0.893180922,327,0.064446196,215,0.042372881,4171,3670,0.87988492,116,0.027811076,385,0.092304004,4262,3806,0.893007977,153,0.035898639,303,0.071093383,4724,4204,0.889923793,160,0.033869602,360,0.076206605,4044,3502,0.865974283,159,0.039317507,383,0.09470821,3852,3468,0.900311526,224,0.05815161,160,0.041536864,4148,3781,0.911523626,185,0.044599807,182,0.043876567,4831,4153,0.859656386,538,0.111364107,140,0.028979507
113,21533,16483,0.765476246,1201,0.055774857,3849,0.178748897,26111,18777,0.719122209,1260,0.048255524,6074,0.232622266,19787,14807,0.748319604,1435,0.072522363,3545,0.179158033,19984,15511,0.776170937,1545,0.077311849,2928,0.146517214,26494,20688,0.780856043,2430,0.09171888,3376,0.127425077,20729,16266,0.784697766,1514,0.073037773,2949,0.14226446,21603,17056,0.789519974,1807,0.08364579,2740,0.126834236,23573,18741,0.795019726,1923,0.08157638,2909,0.123403894,19427,15371,0.791218407,1678,0.086374633,2378,0.122406959,20321,16548,0.814330003,1817,0.089414891,1956,0.096255106,21851,18441,0.843943069,1266,0.057937852,2144,0.098119079,26885,22012,0.818746513,2491,0.092653896,2382,0.088599591
114,11247,9006,0.800746866,416,0.036987641,1825,0.162265493,13699,10694,0.780640923,668,0.048762683,2337,0.170596394,10763,8819,0.819381213,397,0.036885627,1547,0.14373316,10806,9050,0.837497686,462,0.042754026,1294,0.119748288,13856,11633,0.839564088,568,0.040993072,1655,0.119442841,10796,8837,0.818543905,378,0.035012968,1581,0.146443127,11051,8952,0.810062438,502,0.045425753,1597,0.144511809,12138,10137,0.835145823,610,0.050255396,1391,0.114598781,10091,8009,0.793677534,1446,0.143296006,636,0.063026459,10029,8355,0.833084056,1266,0.126233922,408,0.040682022,10687,9092,0.850753252,1111,0.10395808,484,0.045288668,13688,11465,0.837594974,1673,0.122223846,550,0.040181181
115,7111,5728,0.805512586,248,0.034875545,1135,0.159611869,8277,6516,0.787241754,222,0.026821312,1539,0.185936934,5945,4867,0.818671152,228,0.038351556,850,0.142977292,5625,4446,0.7904,301,0.053511111,878,0.156088889,6678,5084,0.76130578,322,0.048218029,1272,0.19047619,5657,4135,0.730952802,167,0.029520947,1355,0.239526251,6099,4376,0.717494671,221,0.036235448,1502,0.24626988,6995,4972,0.710793424,376,0.05375268,1647,0.235453896,5615,4209,0.749599288,251,0.044701692,1155,0.20569902,5408,4444,0.821745562,254,0.046967456,710,0.131286982,5987,4878,0.814765325,231,0.038583598,878,0.146651077,7536,5985,0.794187898,617,0.081873673,934,0.123938429
116,0,0,0,0,0,0,0,0,0,0,0,0,0,0,0,0,0,0,0,0,0,0,0,0,0,0,0,0,0,0,0,0,0,0,0,0,0,0,0,0,0,0,0,0,0,0,0,0,0,0,0,0,0,0,0,0,0,0,0,0,0,0,0,0,0,0,0,0,0,0,0,0,0,0,0,0,0,0,0,0,0,0,0,0
117,14531,12573,0.865253596,601,0.041359851,1357,0.093386553,18021,15556,0.863215138,686,0.0380667,1779,0.098718162,13271,10926,0.823298922,654,0.049280386,1691,0.127420692,13892,11683,0.840987619,907,0.065289375,1302,0.093723006,18135,15159,0.835897436,1267,0.069864902,1709,0.094237662,15113,12631,0.835770529,852,0.056375306,1630,0.107854165,15029,12322,0.819881562,924,0.061481136,1783,0.118637301,16533,13858,0.838202383,1014,0.061331882,1661,0.100465735,12245,9878,0.806696611,1489,0.121600653,878,0.071702736,13007,10750,0.82647805,1676,0.128853694,581,0.044668256,14419,12433,0.862265067,1205,0.083570289,781,0.054164644,20002,17084,0.854114589,1745,0.087241276,1173,0.058644136
118,3200,2671,0.8346875,164,0.05125,365,0.1140625,3981,3255,0.81763376,122,0.030645566,604,0.151720673,2869,2395,0.83478564,210,0.073196236,264,0.092018125,2859,2486,0.869534802,184,0.064358167,189,0.06610703,3823,3322,0.868951086,194,0.050745488,307,0.080303427,3183,2627,0.825322023,143,0.04492617,413,0.129751806,3045,2475,0.812807882,154,0.050574713,416,0.136617406,3482,2958,0.849511775,219,0.062894888,305,0.087593337,2895,2462,0.850431779,254,0.087737478,179,0.061830743,2592,2284,0.88117284,142,0.054783951,166,0.06404321,2994,2686,0.897127589,162,0.054108216,146,0.048764195,4400,3853,0.875681818,414,0.094090909,133,0.030227273
119,3535,3136,0.887128713,146,0.041301273,253,0.071570014,4746,4172,0.879056047,174,0.036662453,400,0.0842815,3495,3029,0.866666667,186,0.053218884,280,0.080114449,2849,2490,0.873990874,114,0.04001404,245,0.085995086,4015,3381,0.842092154,166,0.041344956,468,0.116562889,3027,2678,0.884704328,66,0.021803766,283,0.093491906,2899,2536,0.874784408,111,0.038289065,252,0.086926526,3800,3263,0.858684211,113,0.029736842,424,0.111578947,3056,2640,0.863874346,127,0.041557592,289,0.094568063,2857,2538,0.888344417,119,0.041652083,200,0.0700035,3273,2950,0.901313779,108,0.03299725,215,0.06568897,4597,4061,0.883402219,215,0.046769632,321,0.069828149
120,3454,2931,0.848581355,356,0.103068906,167,0.048349739,4525,3820,0.844198895,368,0.081325967,337,0.074475138,1901,1682,0.884797475,133,0.069963177,86,0.045239348,1436,1192,0.830083565,180,0.125348189,64,0.044568245,2082,1752,0.841498559,256,0.122958694,74,0.035542747,3012,2383,0.791168659,326,0.108233732,303,0.10059761,3314,2649,0.79933615,365,0.110138805,300,0.090525045,3706,2955,0.79735564,394,0.106314085,357,0.096330275,3186,2515,0.789391086,456,0.143126177,215,0.067482737,3051,2437,0.798754507,523,0.171419207,91,0.029826286,3361,2731,0.812555787,499,0.148467718,131,0.038976495,4250,3355,0.789411765,724,0.170352941,171,0.040235294
123,2451,1934,0.789065687,85,0.034679723,432,0.17625459,3126,2519,0.805822137,107,0.034229047,500,0.159948816,2250,1827,0.812,73,0.032444444,350,0.155555556,2178,1855,0.851698806,94,0.043158861,229,0.105142332,3072,2578,0.839192708,132,0.04296875,362,0.117838542,2465,2007,0.814198783,67,0.027180527,391,0.15862069,2563,2035,0.793991416,66,0.025751073,462,0.180257511,3044,2487,0.817017083,83,0.027266754,474,0.155716163,2458,1863,0.757933279,54,0.021969081,541,0.22009764,2531,2132,0.8423548,116,0.045831687,283,0.111813512,2554,2176,0.851996868,123,0.048159749,255,0.099843383,3261,2737,0.839313094,232,0.071143821,292,0.089543085
125,11426,7376,0.645545248,1179,0.103185717,2871,0.251269036,14098,8475,0.601149099,1197,0.08490566,4426,0.31394524,10538,6309,0.598690454,1046,0.099259822,3183,0.302049725,10721,6224,0.58054286,1163,0.108478687,3334,0.310978454,13785,8282,0.600797969,1763,0.127892637,3740,0.271309394,10768,6752,0.627043091,1267,0.117663447,2749,0.255293462,11219,6709,0.598003387,1264,0.112666013,3246,0.2893306,12491,7936,0.635337443,924,0.073973261,3631,0.290689296,10363,6785,0.654733185,836,0.08067162,2742,0.264595194,10260,7654,0.746003899,898,0.087524366,1708,0.166471735,10424,7666,0.735418266,809,0.077609363,1949,0.186972371,12606,9306,0.738219895,1848,0.146596859,1452,0.115183246
126,2027,1866,0.920572274,26,0.012826838,135,0.066600888,2769,2531,0.914048393,27,0.009750813,211,0.076200795,1867,1698,0.90948045,24,0.012854847,145,0.077664703,1964,1786,0.909368635,49,0.024949084,129,0.065682281,2406,2192,0.911055694,25,0.01039069,189,0.078553616,1982,1772,0.894046418,14,0.007063572,196,0.09889001,1986,1783,0.897784491,13,0.006545821,190,0.095669688,2132,1890,0.886491557,37,0.017354597,205,0.096153846,2022,1741,0.861028684,36,0.017804154,245,0.121167161,1999,1846,0.923461731,24,0.012006003,129,0.064532266,2059,1902,0.923749393,27,0.013113162,130,0.063137445,2891,2662,0.920788654,85,0.029401591,144,0.049809754
101,5615,4895,0.871772039,103,0.018343722,617,0.109884239,10917,9706,0.889072089,182,0.016671247,1029,0.094256664,8316,7335,0.882034632,201,0.024170274,780,0.093795094,6706,5967,0.889800179,158,0.02356099,581,0.086638831,6924,5881,0.849364529,203,0.029318313,840,0.121317158,6352,5548,0.873425693,136,0.021410579,668,0.105163728,6407,5521,0.861713751,189,0.029498985,697,0.108787264,6538,5354,0.818904864,254,0.038849801,930,0.142245335,5478,4510,0.823293173,220,0.040160643,748,0.136546185,6662,5811,0.872260582,206,0.030921645,645,0.096817772,6967,6005,0.861920482,176,0.025261949,786,0.112817569,10822,8980,0.829791166,494,0.045647755,1348,0.124561079
102,3783,3071,0.811789585,56,0.014803066,656,0.173407349,7528,6654,0.883900106,78,0.010361318,796,0.105738576,5493,4893,0.890770071,155,0.028217732,445,0.081012197,4390,4125,0.939635535,74,0.016856492,191,0.043507973,4856,4358,0.897446458,152,0.031301483,346,0.071252059,4675,4321,0.924278075,65,0.013903743,289,0.061818182,4655,4294,0.92244898,97,0.020837809,264,0.056713212,4782,4250,0.888749477,160,0.033458804,372,0.077791719,3841,3471,0.903670919,112,0.029159073,258,0.067170008,4325,4056,0.937803468,81,0.018728324,188,0.043468208,4510,3975,0.881374723,121,0.026829268,414,0.091796009,8384,7125,0.849833015,345,0.041149809,914,0.109017176
